repo_name,easy_file,hard_file
Altaxo/Altaxo,Altaxo/Core/Calc/FitFunctions/Peaks/PseudoVoigtAmplitude.cs,Altaxo/Base/Science/Spectroscopy/SpectroscopyCommands.cs
Altaxo/Altaxo,Altaxo/Core/Calc/FitFunctions/Probability/PearsonIVArea.cs,Altaxo/Base/Science/Spectroscopy/SpectroscopyCommands.cs
Altaxo/Altaxo,Altaxo/Core/Calc/Regression/Nonlinear/LevenbergMarquardtMinimizerNonAllocating.cs,Altaxo/Base/Science/Spectroscopy/SpectroscopyCommands.cs
Altaxo/Altaxo,Altaxo/Core/Calc/FitFunctions/Probability/VoigtArea.cs,Altaxo/Base/Science/Spectroscopy/SpectroscopyCommands.cs
Altaxo/Altaxo,Altaxo/Core/Calc/Regression/Nonlinear/NonlinearMinimizerBaseNonAllocating.cs,Altaxo/Base/Science/Spectroscopy/SpectroscopyCommands.cs
Altaxo/Altaxo,Altaxo/Core/Calc/FitFunctions/Peaks/PearsonVIIAmplitude.cs,Altaxo/Base/Science/Spectroscopy/SpectroscopyCommands.cs
Altaxo/Altaxo,Altaxo/Core/Calc/FitFunctions/Probability/VoigtArea.cs,Altaxo/Core/Science/Spectroscopy/PeakFitting/PeakFittingTogetherWithSeparateVariances.cs
Altaxo/Altaxo,Altaxo/Core/Calc/FitFunctions/Peaks/PearsonVIIAmplitude.cs,Altaxo/Core/Science/Spectroscopy/PeakFitting/PeakFittingTogetherWithSeparateVariances.cs
Altaxo/Altaxo,Altaxo/Core/Calc/FitFunctions/Probability/PearsonIVArea.cs,Altaxo/Core/Science/Spectroscopy/PeakFitting/PeakFittingTogetherWithSeparateVariances.cs
Altaxo/Altaxo,Altaxo/Core/Calc/Regression/Nonlinear/LevenbergMarquardtMinimizerNonAllocating.cs,Altaxo/Core/Science/Spectroscopy/PeakFitting/PeakFittingTogetherWithSeparateVariances.cs
Altaxo/Altaxo,Altaxo/Core/Calc/FitFunctions/Peaks/PseudoVoigtAmplitude.cs,Altaxo/Core/Science/Spectroscopy/PeakFitting/PeakFittingTogetherWithSeparateVariances.cs
Altaxo/Altaxo,Altaxo/Core/Calc/Regression/Nonlinear/NonlinearMinimizerBaseNonAllocating.cs,Altaxo/Core/Science/Spectroscopy/PeakFitting/PeakFittingTogetherWithSeparateVariances.cs
Squidex/squidex,backend/src/Squidex.Domain.Apps.Entities/Tags/TagService.cs,backend/src/Squidex/Config/Messaging/MessagingServices.cs
Squidex/squidex,backend/src/Squidex.Domain.Apps.Entities/Tags/TagService.cs,backend/src/Squidex.Infrastructure/Diagnostics/Diagnoser.cs
Squidex/squidex,backend/src/Squidex.Domain.Apps.Entities/Tags/TagService.cs,backend/src/Squidex/Areas/Api/Controllers/Plans/TeamPlansController.cs
Squidex/squidex,backend/src/Squidex.Domain.Apps.Entities/Tags/TagService.cs,backend/src/Squidex/Areas/Api/Controllers/Contents/ContentsSharedController.cs
xvitaly/srcrepair,src/srcrepair/FrmArchWrk.cs,src/srcrepair/FrmRepBuilder.cs
xvitaly/srcrepair,src/corelib/DebugStrings.Designer.cs,src/srcrepair/FrmRepBuilder.cs
xvitaly/srcrepair,src/corelib/SteamManager.cs,src/srcrepair/FrmRepBuilder.cs
xvitaly/srcrepair,src/srcrepair/GuiHelpers.cs,src/srcrepair/FrmRepBuilder.cs
xvitaly/srcrepair,src/srcrepair/DebugStrings.Designer.cs,src/srcrepair/FrmRepBuilder.cs
xvitaly/srcrepair,src/srcrepair/FrmRmWrk.cs,src/srcrepair/FrmRepBuilder.cs
xvitaly/srcrepair,src/srcrepair/FrmCleaner.cs,src/srcrepair/FrmRepBuilder.cs
CypherCore/CypherCore,Source/Game/Groups/Group.cs,Source/Game/Loot/Loot.cs
CypherCore/CypherCore,Source/Game/Entities/Creature/Gossip.cs,Source/Game/Loot/Loot.cs
CypherCore/CypherCore,Source/Game/Entities/Player/Player.DB.cs,Source/Game/Loot/Loot.cs
CypherCore/CypherCore,Source/Framework/Constants/SharedConst.cs,Source/Game/Loot/Loot.cs
CypherCore/CypherCore,Source/Game/Maps/MapManager.cs,Source/Game/Loot/Loot.cs
CypherCore/CypherCore,Source/Game/Spells/Spell.cs,Source/Game/Loot/Loot.cs
CypherCore/CypherCore,Source/Game/Globals/ObjectManager.cs,Source/Game/Loot/Loot.cs
CypherCore/CypherCore,Source/Game/Handlers/MiscHandler.cs,Source/Game/Loot/Loot.cs
CypherCore/CypherCore,Source/Game/Handlers/MiscHandler.cs,Source/Game/Spells/SpellEffects.cs
CypherCore/CypherCore,Source/Game/Groups/Group.cs,Source/Game/Spells/SpellEffects.cs
CypherCore/CypherCore,Source/Game/Globals/ObjectManager.cs,Source/Game/Spells/SpellEffects.cs
CypherCore/CypherCore,Source/Game/Entities/Player/Player.DB.cs,Source/Game/Spells/SpellEffects.cs
CypherCore/CypherCore,Source/Framework/Constants/SharedConst.cs,Source/Game/Spells/SpellEffects.cs
CypherCore/CypherCore,Source/Game/Spells/Spell.cs,Source/Game/Spells/SpellEffects.cs
CypherCore/CypherCore,Source/Game/Maps/MapManager.cs,Source/Game/Spells/SpellEffects.cs
CypherCore/CypherCore,Source/Game/Entities/Creature/Gossip.cs,Source/Game/Spells/SpellEffects.cs
CypherCore/CypherCore,Source/Game/Maps/MapManager.cs,Source/Game/Handlers/LootHandler.cs
CypherCore/CypherCore,Source/Framework/Constants/SharedConst.cs,Source/Game/Handlers/LootHandler.cs
CypherCore/CypherCore,Source/Game/Entities/Player/Player.DB.cs,Source/Game/Handlers/LootHandler.cs
CypherCore/CypherCore,Source/Game/Spells/Spell.cs,Source/Game/Handlers/LootHandler.cs
CypherCore/CypherCore,Source/Game/Groups/Group.cs,Source/Game/Handlers/LootHandler.cs
CypherCore/CypherCore,Source/Game/Handlers/MiscHandler.cs,Source/Game/Handlers/LootHandler.cs
CypherCore/CypherCore,Source/Game/Entities/Creature/Gossip.cs,Source/Game/Handlers/LootHandler.cs
CypherCore/CypherCore,Source/Game/Globals/ObjectManager.cs,Source/Game/Handlers/LootHandler.cs
uholeschak/ediabaslib,Tools/Psdz/PsdzClientLibrary/Core/VehicleLogistics.cs,BmwDeepObd/DownloaderService/CustomDownloadThread.cs
uholeschak/ediabaslib,Tools/Psdz/PsdzClientLibrary/Core/DiagnosticsBusinessData.cs,BmwDeepObd/DownloaderService/CustomDownloadThread.cs
uholeschak/ediabaslib,BmwDeepObd/InternalBroadcastManager/InternalBroadcastManager.cs,BmwDeepObd/DownloaderService/CustomDownloadThread.cs
uholeschak/ediabaslib,BmwDeepObd/DownloaderService/V14CustomNotification.cs,BmwDeepObd/DownloaderService/CustomDownloadThread.cs
uholeschak/ediabaslib,BmwDeepObd/DownloaderService/CustomDownloadNotification.cs,BmwDeepObd/DownloaderService/CustomDownloadThread.cs
uholeschak/ediabaslib,Tools/Psdz/PsdzClientLibrary/Core/SpecialEcuCharacteristics.cs,BmwDeepObd/DownloaderService/CustomDownloadThread.cs
uholeschak/ediabaslib,Tools/Psdz/PsdzClientLibrary/Core/DiagnosticsBusinessData.cs,Tools/Psdz/PsdzClientLibrary/Programming/PsdzContext.cs
uholeschak/ediabaslib,Tools/Psdz/PsdzClientLibrary/Core/SpecialEcuCharacteristics.cs,Tools/Psdz/PsdzClientLibrary/Programming/PsdzContext.cs
uholeschak/ediabaslib,BmwDeepObd/InternalBroadcastManager/InternalBroadcastManager.cs,Tools/Psdz/PsdzClientLibrary/Programming/PsdzContext.cs
uholeschak/ediabaslib,BmwDeepObd/DownloaderService/V14CustomNotification.cs,Tools/Psdz/PsdzClientLibrary/Programming/PsdzContext.cs
uholeschak/ediabaslib,BmwDeepObd/DownloaderService/CustomDownloadNotification.cs,Tools/Psdz/PsdzClientLibrary/Programming/PsdzContext.cs
uholeschak/ediabaslib,Tools/Psdz/PsdzClientLibrary/Core/VehicleLogistics.cs,Tools/Psdz/PsdzClientLibrary/Programming/PsdzContext.cs
MatterHackers/agg-sharp,Gui/SvgWidget.cs,agg/SvgTools/SVGParser.cs
MatterHackers/agg-sharp,Gui/TextWidgets/ConsoleWidget.cs,agg/SvgTools/SVGParser.cs
SubtitleEdit/subtitleedit,src/libse/ContainerFormats/Mp4/Boxes/Stbl.cs,src/ui/Forms/Compare.cs
SubtitleEdit/subtitleedit,src/ui/Forms/ExportCustomTextFormat.Designer.cs,src/ui/Forms/Compare.cs
SubtitleEdit/subtitleedit,src/ui/Logic/CommandLineConvert/BdSupSaver.cs,src/libse/AudioToText/WhisperCppModel.cs
SubtitleEdit/subtitleedit,src/libse/ContainerFormats/Mp4/ChunkText.cs,src/libse/AudioToText/WhisperCppModel.cs
SubtitleEdit/subtitleedit,src/ui/Logic/CommandLineConvert/BdSupSaver.cs,src/ui/Forms/AudioToText/WhisperAudioToText.cs
SubtitleEdit/subtitleedit,src/libse/ContainerFormats/Mp4/ChunkText.cs,src/ui/Forms/AudioToText/WhisperAudioToText.cs
SubtitleEdit/subtitleedit,src/libse/ContainerFormats/Mp4/ChunkText.cs,src/ui/Forms/AudioToText/WhisperModelDownload.cs
SubtitleEdit/subtitleedit,src/ui/Logic/CommandLineConvert/BdSupSaver.cs,src/ui/Forms/AudioToText/WhisperModelDownload.cs
openiddict/openiddict-core,src/OpenIddict.Server/OpenIddictServerConfiguration.cs,src/OpenIddict.Client/OpenIddictClientHandlers.cs
openiddict/openiddict-core,src/OpenIddict.Validation/OpenIddictValidationConfiguration.cs,src/OpenIddict.Client/OpenIddictClientHandlers.cs
openiddict/openiddict-core,src/OpenIddict.Server/OpenIddictServerHandlers.cs,src/OpenIddict.Client/OpenIddictClientHandlers.cs
openiddict/openiddict-core,src/OpenIddict.Server.AspNetCore/OpenIddictServerAspNetCoreHandlers.cs,src/OpenIddict.Client/OpenIddictClientHandlers.cs
openiddict/openiddict-core,src/OpenIddict.Validation.AspNetCore/OpenIddictValidationAspNetCoreHandlers.cs,src/OpenIddict.Client/OpenIddictClientHandlers.cs
openiddict/openiddict-core,src/OpenIddict.Client/OpenIddictClientBuilder.cs,src/OpenIddict.Client/OpenIddictClientHandlers.cs
openiddict/openiddict-core,src/OpenIddict.Server/OpenIddictServerHandlers.Exchange.cs,src/OpenIddict.Client/OpenIddictClientHandlers.cs
