repo_name,file,commit,is_corrective,is_refactor
0install/0install-win,src/Bootstrap.WinForms/MainForm.cs,2c21fd0ead2fce7e7fcb3bd23db59bea16ffc370,false,true
AerisG222/mikeandwan.us,src/Maw.Cache/Photos/PhotoCache.cs,54a56da98fcaa31be1fef32be01e0cd3c89509d3,true,false
AlexWan/OsEngine,project/OsEngine/Charts/CandleChart/ChartCandleMaster.cs,581a294cf16508304375c4c7aa132a129fb60c2a,true,false
AlexWan/OsEngine,project/OsEngine/Entity/HorizontalVolume.cs,5a6e1a4216c6d95865bf1b8863f01e0db3bbf567,true,false
Azure/azure-sdk-for-net,sdk/communication/Azure.Communication.CallingServer/CHANGELOG.md,04a6ace0bf3fb5593ee58f209fae73c062bab93e,false,true
Azure/azure-sdk-for-net,sdk/communication/Azure.Communication.Chat/CHANGELOG.md,04a6ace0bf3fb5593ee58f209fae73c062bab93e,false,true
Azure/azure-sdk-for-net,sdk/communication/Azure.Communication.MediaComposition/CHANGELOG.md,04a6ace0bf3fb5593ee58f209fae73c062bab93e,false,true
Azure/azure-sdk-for-net,sdk/storage/Azure.Storage.Common/tests/StorageSharedKeyPipelinePolicyTests.cs,1a856a708f0290dcdd8e50b19a83b29e588461ee,true,false
Azure/azure-sdk-for-net,sdk/monitor/Azure.Monitor.OpenTelemetry.Exporter/src/AzureMonitorExporterOptions.cs,2627a3c59ad08402a5d37d4548936ed31abb822a,true,false
Azure/azure-sdk-for-net,sdk/appconfiguration/Azure.Data.AppConfiguration/tests/SecretReferenceConfigurationSettingTests.cs,2ca0a893cc60805bdac91f509aac5f390af7811f,true,false
Azure/azure-sdk-for-net,sdk/cognitivelanguage/Azure.AI.Language.QuestionAnswering/tests/QuestionAnsweringAuthoringClientLiveTests.cs,4ced6e7e39ec5af9d0677042691ce97ef10b504c,true,false
Azure/azure-sdk-for-net,sdk/cognitivelanguage/Azure.AI.Language.QuestionAnswering/tests/Samples/Sample3_CreateAndDeployProject.cs,4ced6e7e39ec5af9d0677042691ce97ef10b504c,true,false
Azure/azure-sdk-for-net,sdk/cognitivelanguage/Azure.AI.Language.QuestionAnswering/tests/Samples/Sample5_UpdateKnowledgeSources.cs,4ced6e7e39ec5af9d0677042691ce97ef10b504c,true,false
Azure/azure-sdk-for-net,sdk/cognitivelanguage/Azure.AI.Language.QuestionAnswering/tests/SessionRecords/QuestionAnsweringAuthoringClientLiveTests/DeployProjectAsync.json,4ced6e7e39ec5af9d0677042691ce97ef10b504c,true,false
Azure/azure-sdk-for-net,sdk/cognitivelanguage/Azure.AI.Language.QuestionAnswering/tests/SessionRecords/QuestionAnsweringAuthoringClientLiveTests/UpdateQnAsAsync.json,4ced6e7e39ec5af9d0677042691ce97ef10b504c,true,false
Azure/azure-sdk-for-net,sdk/cognitivelanguage/Azure.AI.Language.QuestionAnswering/tests/SessionRecords/QuestionAnsweringAuthoringClientLiveTests/UpdateSourcesAsync.json,4ced6e7e39ec5af9d0677042691ce97ef10b504c,true,false
Azure/azure-sdk-for-net,sdk/cognitivelanguage/Azure.AI.Language.QuestionAnswering/tests/SessionRecords/QuestionAnsweringAuthoringClientSamples/CreateAndDeploy.json,4ced6e7e39ec5af9d0677042691ce97ef10b504c,true,false
Azure/azure-sdk-for-net,sdk/cognitivelanguage/Azure.AI.Language.QuestionAnswering/tests/SessionRecords/QuestionAnsweringAuthoringClientSamples/CreateAndDeployAsyncAsync.json,4ced6e7e39ec5af9d0677042691ce97ef10b504c,true,false
Azure/azure-sdk-for-net,sdk/cognitivelanguage/Azure.AI.Language.QuestionAnswering/tests/SessionRecords/QuestionAnsweringAuthoringClientSamples/KnowledgeSources.json,4ced6e7e39ec5af9d0677042691ce97ef10b504c,true,false
Azure/azure-sdk-for-net,sdk/cognitivelanguage/Azure.AI.Language.QuestionAnswering/tests/SessionRecords/QuestionAnsweringAuthoringClientSamples/KnowledgeSourcesAsyncAsync.json,4ced6e7e39ec5af9d0677042691ce97ef10b504c,true,false
Azure/azure-sdk-for-net,sdk/communication/Azure.Communication.PhoneNumbers/src/UpdatePhoneNumberCapabilitiesOperation.cs,4ced6e7e39ec5af9d0677042691ce97ef10b504c,true,false
Azure/azure-sdk-for-net,sdk/redis/Azure.ResourceManager.Redis/src/Customization/Models/RedisCommonConfiguration.Serialization.cs,6068b50e8d7856b020171ba89b9be3b53dc703bc,true,false
Azure/azure-sdk-for-net,sdk/redis/Azure.ResourceManager.Redis/tests/SerializationTests/RedisCommonConfigurationSerializationTests.cs,6068b50e8d7856b020171ba89b9be3b53dc703bc,true,false
Azure/azure-sdk-for-net,sdk/core/Azure.Core/src/Shared/DiagnosticScopeFactory.cs,6b8614ab4697b2736ba60731b7f18dec19eb5521,true,false
Azure/azure-sdk-for-net,sdk/core/Azure.Core/tests/ClientDiagnosticsTests.Net50.cs,6b8614ab4697b2736ba60731b7f18dec19eb5521,true,false
Azure/azure-sdk-for-net,sdk/eventhub/Microsoft.Azure.WebJobs.Extensions.EventHubs/src/Config/EventHubClientFactory.cs,76c6774b8eaf0a434ae990d4ad7c6d27ce7f495a,true,false
Azure/azure-sdk-for-net,sdk/eventhub/Microsoft.Azure.WebJobs.Extensions.EventHubs/tests/EventHubsClientFactoryTests.cs,76c6774b8eaf0a434ae990d4ad7c6d27ce7f495a,true,false
Azure/azure-sdk-for-net,sdk/servicebus/Microsoft.Azure.WebJobs.Extensions.ServiceBus/src/Triggers/ServiceBusTriggerBindingStrategy.cs,9791994fbdbd5a97f98f86f3edcce6d1db3443c2,true,false
Azure/azure-sdk-for-net,sdk/servicebus/Microsoft.Azure.WebJobs.Extensions.ServiceBus/tests/ServiceBusEndToEndTests.cs,9791994fbdbd5a97f98f86f3edcce6d1db3443c2,true,false
Azure/azure-sdk-for-net,sdk/servicebus/Microsoft.Azure.WebJobs.Extensions.ServiceBus/tests/ServiceBusSessionsEndToEndTests.cs,9791994fbdbd5a97f98f86f3edcce6d1db3443c2,true,false
Azure/azure-sdk-for-net,sdk/servicebus/Microsoft.Azure.WebJobs.Extensions.ServiceBus/tests/ServiceBusTriggerStrategyTests.cs,9791994fbdbd5a97f98f86f3edcce6d1db3443c2,true,false
Azure/azure-sdk-for-net,sdk/servicebus/Microsoft.Azure.WebJobs.Extensions.ServiceBus/tests/WebJobsServiceBusTestBase.cs,9791994fbdbd5a97f98f86f3edcce6d1db3443c2,true,false
Azure/azure-sdk-for-net,sdk/storage/Azure.Storage.Files.DataLake/tests/SessionRecords/FileClientTests/QueryAsync_QueryTextConfigurations.json,9d1a5bef12376970ba0b17476031cb9da1f8059a,true,false
Azure/azure-sdk-for-net,sdk/storage/Azure.Storage.Files.DataLake/tests/SessionRecords/FileClientTests/QueryAsync_QueryTextConfigurationsAsync.json,9d1a5bef12376970ba0b17476031cb9da1f8059a,true,false
Azure/azure-sdk-for-net,sdk/identity/Azure.Identity/src/ManagedIdentitySource.cs,ffe9238d9ada9c07e34e3b59b33bb649d2a320c5,true,false
Azure/azure-sdk-for-net,sdk/identity/Azure.Identity/tests/ManagedIdentityCredentialTests.cs,ffe9238d9ada9c07e34e3b59b33bb649d2a320c5,true,false
AzureAD/microsoft-authentication-library-for-dotnet,tests/devapps/WAM/NetCoreWinFormsWam/Form1.cs,21f344d0e9370af4b6b7243f7b97cab7ac8ce1d3,false,true
AzureAD/microsoft-authentication-library-for-dotnet,tests/devapps/WAM/NetFrameworkWam/Form1.cs,21f344d0e9370af4b6b7243f7b97cab7ac8ce1d3,false,true
AzureAD/microsoft-authentication-library-for-dotnet,tests/Microsoft.Identity.Test.Unit/ApiConfigTests/AuthorityTests.cs,2a0d410db1a61eb8343221e9cebca71345dd69ea,true,false
AzureAD/microsoft-authentication-library-for-dotnet,src/client/Microsoft.Identity.Client/Internal/Requests/ByRefreshTokenRequest.cs,8a47b20375a0d5e33244fc3e4274235828310074,true,false
AzureAD/microsoft-authentication-library-for-dotnet,tests/Microsoft.Identity.Test.Integration.netfx/HeadlessTests/ClientCredentialsTests.cs,8a47b20375a0d5e33244fc3e4274235828310074,true,false
Belphemur/SoundSwitch,Make.bat,5a97eda4b56c10ff91bf9917415c4ebf5b83e4d4,false,true
Belphemur/SoundSwitch,SoundSwitch/Framework/TrayIcon/TooltipInfoManager/TooltipInfoManager.cs,c5ecc0272531084b515fc34f7a6addf2eea10bf4,true,true
Bobris/BTDB,Releaser/Releaser/Program.cs,eb34c79e01a430ce0465a1081c95839bc2a121fd,true,false
Bobris/BTDB,Releaser/Releaser/Releaser.csproj,eb34c79e01a430ce0465a1081c95839bc2a121fd,true,false
BornToBeRoot/NETworkManager,Source/NETworkManager/ViewModels/ProfilesViewModel.cs,95d738a809d983d42cde401b51efc4bcab847d7e,true,false
BryanWilhite/SonghayCore,SonghayCore.Tests/Assembly.cs,0239b15db0328d3b069cf1ba314e8f567fb3e76a,true,false
BryanWilhite/SonghayCore,SonghayCore.Tests/csv/sample_10000.csv,612b851ffd6d803fe9383d723f9b705bd731bc8a,true,false
ClosedXML/ClosedXML,.readthedocs.yaml,35a2fca7852a9a941287f6d5f828b10de0fd93ce,false,true
ClosedXML/ClosedXML,docs/Doxyfile,35a2fca7852a9a941287f6d5f828b10de0fd93ce,false,true
ClosedXML/ClosedXML,docs/api/cell.rst,35a2fca7852a9a941287f6d5f828b10de0fd93ce,false,true
ClosedXML/ClosedXML,docs/api/index.rst,35a2fca7852a9a941287f6d5f828b10de0fd93ce,false,true
ClosedXML/ClosedXML,docs/api/workbook.rst,35a2fca7852a9a941287f6d5f828b10de0fd93ce,false,true
ClosedXML/ClosedXML,docs/api/worksheet.rst,35a2fca7852a9a941287f6d5f828b10de0fd93ce,false,true
ClosedXML/ClosedXML,docs/concepts/types.rst,35a2fca7852a9a941287f6d5f828b10de0fd93ce,false,true
ClosedXML/ClosedXML,docs/conf.py,35a2fca7852a9a941287f6d5f828b10de0fd93ce,false,true
ClosedXML/ClosedXML,docs/features/cell-styles.rst,35a2fca7852a9a941287f6d5f828b10de0fd93ce,false,true
ClosedXML/ClosedXML,docs/features/worksheets.rst,35a2fca7852a9a941287f6d5f828b10de0fd93ce,false,true
ClosedXML/ClosedXML,docs/installation.rst,35a2fca7852a9a941287f6d5f828b10de0fd93ce,false,true
ClosedXML/ClosedXML,docs/requirements.txt,35a2fca7852a9a941287f6d5f828b10de0fd93ce,false,true
CypherCore/CypherCore,sql/updates/world/master/2022_10_05_00_world.sql,2bba8aeb99996cd7eda0e550ea6905c3969ace5a,true,false
CypherCore/CypherCore,Source/Scripts/EasternKingdoms/MagistersTerrace/PriestessDelrissa.cs,4cd461bb956c26bc1a109ae78d017c3eb77514d1,true,false
CypherCore/CypherCore,Source/Scripts/Spells/DeathKnight.cs,d16f8c94c2c97c1c0135486a1839c83b7f8ab766,true,false
Dawn-of-Light/DOLSharp,GameServer/commands/gmcommands/keepguard.cs,41f13dfdfa3b75f2c394e4acfe799937a78acf8a,true,false
Dawn-of-Light/DOLSharp,GameServer/packets/Server/PacketLib175.cs,a8aff2dbeb5a48e6ea812566261f3d9c2c1ad381,true,false
EDDiscovery/EDDiscovery,EDDiscovery/UserControls/Helpers/HistoryFilterHelpers.cs,68921622bd61d4133f0fbaea9d42b0aeb98a45aa,true,false
EDDiscovery/EDDiscovery,EliteDangerousCore,68921622bd61d4133f0fbaea9d42b0aeb98a45aa,true,false
EasyNetQ/EasyNetQ,Source/EasyNetQ/Consumer/InternalConsumer.cs,15e70341867abe9fa3a98f85b3f93732acc9a139,true,false
EasyNetQ/EasyNetQ,hall_of_fame.md,93b644a97d3d4eb46a3984c29df726c59181f454,true,true
EasyNetQ/EasyNetQ,Source/EasyNetQ/Internals/ReadOnlyMemoryStream.cs,97c7113f5939c876f1e111b12794da407aa4b834,true,false
Elders/Cronus,src/Elders.Cronus/Projections/Rebuilding/RebuildProjection_Job.cs,561ed2c3bb6feda8a1a74c266890fd76fdbbf051,true,false
Elders/Cronus.Projections.Cassandra,src/Directory.Build.props,0017f65c06384cdc4df36d58be50df88fcc61d81,true,false
Elders/Cronus.Projections.Cassandra,src/Elders.Cronus.Projections.Cassandra.Tests/Elders.Cronus.Projections.Cassandra.Tests.csproj,0017f65c06384cdc4df36d58be50df88fcc61d81,true,false
Elders/Cronus.Projections.Cassandra,src/Elders.Cronus.Projections.Cassandra/Elders.Cronus.Projections.Cassandra.csproj,0017f65c06384cdc4df36d58be50df88fcc61d81,true,false
Elders/Cronus.Projections.Cassandra,src/Elders.Cronus.Projections.Cassandra/ProjectionLoaderDiscovery.cs,0017f65c06384cdc4df36d58be50df88fcc61d81,true,false
FireFox2000000/Moonscraper-Chart-Editor,Moonscraper Chart Editor/Assets/Scripts/Game/ChartEditor/EditorInteractions/HighwayObjectTools/Placeable/GrabMove/GroupMove.cs,59f967a9920d2a42070bebf28fcbae4c76484a41,false,true
Fody/PropertyChanged,PropertyChanged.Fody/MappingFinder.cs,9d415be0356f465d761103242aa83a9edafb972b,true,false
Fody/PropertyChanged,SmokeTest/CombinedChangingAndChangedWeaverTests.NullableValueTypeProperty.Release.verified.txt,9d415be0356f465d761103242aa83a9edafb972b,true,false
Fody/PropertyChanged,SmokeTest/CombinedChangingAndChangedWeaverTests.ReferenceTypeProperty.Debug.verified.txt,9d415be0356f465d761103242aa83a9edafb972b,true,false
Fody/PropertyChanged,SmokeTest/CombinedChangingAndChangedWeaverTests.ReferenceTypeProperty.Release.verified.txt,9d415be0356f465d761103242aa83a9edafb972b,true,false
Fody/PropertyChanged,SmokeTest/CombinedChangingAndChangedWeaverTests.ValueTypeProperty.Debug.verified.txt,9d415be0356f465d761103242aa83a9edafb972b,true,false
Fody/PropertyChanged,SmokeTest/CombinedChangingAndChangedWeaverTests.ValueTypeProperty.Release.verified.txt,9d415be0356f465d761103242aa83a9edafb972b,true,false
Fody/PropertyChanged,SmokeTest/CombinedChangingAndChangedWeaverTests.cs,9d415be0356f465d761103242aa83a9edafb972b,true,false
Fody/PropertyChanged,SmokeTest/FodyWeavers.xml,9d415be0356f465d761103242aa83a9edafb972b,true,false
Fody/PropertyChanged,SmokeTest/FodyWeavers.xsd,9d415be0356f465d761103242aa83a9edafb972b,true,false
GNOME/chronojump,src/gui/app1/session/loadAndImport.cs,6ac95cf923f4e2d581c1966c05cc90250bf78bf9,true,false
GNOME/chronojump,src/gui/eventExecute.cs,d4f34054678b41504d805bc54c53d2750cb271f5,true,false
GNOME/chronojump,src/jumpsRunsEvolution.cs,db7ab9dcfae411caa67f5f19fa4df2933f5b1ad3,true,false
GoogleCloudPlatform/iap-desktop,sources/Google.Solutions.IapDesktop.Extensions.Shell.Test/Controls/TestVirtualTerminal.cs,2fa93d49d31cfd7188a4ac7d88e22e35e2b2fc1a,true,false
GoogleCloudPlatform/iap-desktop,sources/Google.Solutions.IapDesktop.Extensions.Shell/Views/RemoteDesktop/RemoteDesktopPane.cs,559466d115823a4604a81078731577efa576f262,false,true
GoogleCloudPlatform/iap-desktop,sources/Google.Solutions.IapDesktop.Application/Services/Adapters/BuganizerAdapter.cs,9d37513f6a645099f90bd8159a9852f28bbdeab0,true,false
GridProtectionAlliance/gsf,Source/Libraries/GSF.Security/AdoSecurityProvider.cs,52e4a7f992c012619b9528da764db90a6f15bd34,false,true
HearthSim/HearthDb,HearthDb.Tests/CardsTest.cs,b45126b1b9c2109ddd408f331163f9db234796ec,true,false
HearthSim/HearthDb,HearthDb/Cards.cs,b45126b1b9c2109ddd408f331163f9db234796ec,true,false
HicServices/RDMP,Rdmp.Core/DataLoad/Modules/Attachers/MDFAttacher.cs,4f7c685eda7e959f7518a0bf211447d8c853e0c5,true,false
IntelliTect/Coalesce,playground/Coalesce.Web.Vue3/tsconfig.json,0049278c026e7763fb4d2e263a0380e7facce159,true,false
IntelliTect/Coalesce,src/IntelliTect.Coalesce.CodeGeneration/Generation/GenerationExecutor.cs,56070c9bed00fcc8a2b99d4316fb0977ced0db8b,true,false
IntelliTect/Coalesce,docs/stacks/vue/coalesce-vue-vuetify/components/c-datetime-picker.md,7a5d2af556a87b2bca845f53e94f563e27e8769f,false,true
IntelliTect/Coalesce,src/coalesce-vue-vuetify2/src/components/c-metadata-component.ts,baef9ee990d9191aa1a4c3b8b97b41ade825a08f,true,false
JKorf/Binance.Net,Binance.Net/Enums/CancelReplaceMode.cs,069780c0f3fbda407c404955ee920febe2db66a5,true,false
Jackett/Jackett,src/Jackett.Common/Definitions/anaschcc.yml,10499c6919dfcd6da93f12c30bbdcf60cf2174d4,true,false
Jackett/Jackett,src/Jackett.Common/Definitions/soundpark.yml,3da72a641111aa9b45c197fc2376839d81711d5e,true,false
Jackett/Jackett,src/Jackett.Common/Indexers/OppaiTime.cs,4655ece26ba65997484e1479b6dc5774d2279c24,true,false
Jackett/Jackett,src/Jackett.Common/Definitions/opensharing.yml,4f596e14b23b00850ba47358c34d691a31e36a8d,true,false
Jackett/Jackett,src/Jackett.Common/Indexers/MejorTorrent.cs,6f10bcf1381f04d3f9faba7c527cd97102a885dc,true,false
Jackett/Jackett,src/Jackett.Common/Definitions/puurhollands.yml,8542d690234303f927d9afc9b0483ff22d202292,true,false
Jackett/Jackett,src/Jackett.Common/Definitions/breizhpeers.yml,9851993b2350955f78dc585de5be696d64593bfb,true,false
Jackett/Jackett,src/Jackett.Common/Definitions/bluesbrothers.yml,a6032c46da3576feb4aaaaef4dc487d267395095,true,false
Jackett/Jackett,src/Jackett.Common/Definitions/cryptichaven.yml,aa69268bd4cb656035c41f19a60ee5583acc7d65,true,false
Jackett/Jackett,src/Jackett.Common/Definitions/peerjunkies.yml,d7b35613b183d66d857edd2da75846bd8e89c32f,true,false
Jackett/Jackett,src/Jackett.Common/Definitions/hqsource.yml,db0f8a9a4b8100c830782935de8aa624108ee407,true,false
Jackett/Jackett,src/Jackett.Common/Definitions/thehorrorcharnel.yml,ed6f79661ad0892120f5fdd1606828870cfdd0ec,true,false
Jackett/Jackett,src/Jackett.Common/Definitions/ebookparadijs.yml,fd5a765d985b68398cb0a03358bd9962840224a9,true,false
Jackett/Jackett,src/Jackett.Common/Definitions/film-paleis.yml,fd5a765d985b68398cb0a03358bd9962840224a9,true,false
Jackett/Jackett,src/Jackett.Common/Definitions/mediamaatjes.yml,fd5a765d985b68398cb0a03358bd9962840224a9,true,false
JoeMayo/LinqToTwitter,src/LinqToTwitter6/LinqToTwitter/Favorites/TwitterContextFavoritesCommands.cs,38aa7064705501dc33e6244956b556355d2d65b8,true,true
JosefNemec/Playnite,source/Playnite/Windows/WindowFactory.cs,56d6707b7fe1b2de1a9b9f533587431320e1ccb5,true,false
JosefNemec/Playnite,source/Playnite.DesktopApp/Controls/AddonsSections/BrowseAddons.xaml,716d7111038991376289c1cab89bf8a7cce8402a,true,false
JosefNemec/Playnite,source/Playnite.DesktopApp/ViewModels/DesktopAppViewModel_TopPanel.cs,7273751a23e7d8803fc82f7a1b9cbbec2cb39822,true,false
JosefNemec/Playnite,source/Playnite/Common/Programs2.cs,a47fcdc59a17fe7284cd9fe1bdfa9fa803ae4b84,true,false
JosefNemec/Playnite,source/Playnite.DesktopApp/ViewModels/SettingsViewModel.cs,fe3c0db2d487deb4fa8834f8d3ba514929872dce,false,true
JosefNemec/Playnite,source/Playnite.DesktopApp/ViewModels/StatisticsViewModel.cs,fecdf56731e5009f3ecac99848b090d50766ee45,true,false
KevinJump/uSync,uSync.Core/Serialization/Serializers/TemplateSerializer.cs,4c4a89ed268972c53d7de314be05fff5802ce985,true,false
KevinJump/uSync,gulpfile.js,66d89f60ccc8a0e9b7e59f5bd2013e5b8d8e012a,false,true
KevinJump/uSync,uSync.Backoffice.Assets/wwwroot/Lang/en-us.xml,66d89f60ccc8a0e9b7e59f5bd2013e5b8d8e012a,false,true
KevinJump/uSync,uSync.Backoffice.Assets/wwwroot/Lang/nl-nl.xml,66d89f60ccc8a0e9b7e59f5bd2013e5b8d8e012a,false,true
KevinJump/uSync,uSync.Backoffice.Assets/wwwroot/Lang/sv-SE.xml,66d89f60ccc8a0e9b7e59f5bd2013e5b8d8e012a,false,true
KevinJump/uSync,uSync.Backoffice.Assets/wwwroot/addons.txt,66d89f60ccc8a0e9b7e59f5bd2013e5b8d8e012a,false,true
KevinJump/uSync,uSync.Backoffice.Assets/wwwroot/backoffice/usync/dashboard.html,66d89f60ccc8a0e9b7e59f5bd2013e5b8d8e012a,false,true
KevinJump/uSync,uSync.Backoffice.Assets/wwwroot/boot/NoNodes.cshtml,66d89f60ccc8a0e9b7e59f5bd2013e5b8d8e012a,false,true
KevinJump/uSync,uSync.Backoffice.Assets/wwwroot/boot/TurbineBlades.jpg,66d89f60ccc8a0e9b7e59f5bd2013e5b8d8e012a,false,true
KevinJump/uSync,uSync.Backoffice.Assets/wwwroot/boot/nonodes.css,66d89f60ccc8a0e9b7e59f5bd2013e5b8d8e012a,false,true
KevinJump/uSync,uSync.Backoffice.Assets/wwwroot/boot/usynclogo.png,66d89f60ccc8a0e9b7e59f5bd2013e5b8d8e012a,false,true
KevinJump/uSync,uSync.Backoffice.Assets/wwwroot/changedialog.html,66d89f60ccc8a0e9b7e59f5bd2013e5b8d8e012a,false,true
KevinJump/uSync,uSync.Backoffice.Assets/wwwroot/components/usync.progressview.html,66d89f60ccc8a0e9b7e59f5bd2013e5b8d8e012a,false,true
KevinJump/uSync,uSync.Backoffice.Assets/wwwroot/components/usync.reportview.html,66d89f60ccc8a0e9b7e59f5bd2013e5b8d8e012a,false,true
KevinJump/uSync,uSync.Backoffice.Assets/wwwroot/config/appsettings-usync-schema.json,66d89f60ccc8a0e9b7e59f5bd2013e5b8d8e012a,false,true
KevinJump/uSync,uSync.Backoffice.Assets/wwwroot/itemdialog.html,66d89f60ccc8a0e9b7e59f5bd2013e5b8d8e012a,false,true
KevinJump/uSync,uSync.Backoffice.Assets/wwwroot/settings/default.html,66d89f60ccc8a0e9b7e59f5bd2013e5b8d8e012a,false,true
KevinJump/uSync,uSync.Backoffice.Assets/wwwroot/settings/expansion.html,66d89f60ccc8a0e9b7e59f5bd2013e5b8d8e012a,false,true
KevinJump/uSync,uSync.Backoffice.Assets/wwwroot/settings/settings.html,66d89f60ccc8a0e9b7e59f5bd2013e5b8d8e012a,false,true
KevinJump/uSync,uSync.Backoffice.Assets/wwwroot/settings/settings.overlay.html,66d89f60ccc8a0e9b7e59f5bd2013e5b8d8e012a,false,true
KevinJump/uSync,uSync.Core/Serialization/Serializers/ContentTypeSerializer.cs,884b13bfa426de7665b20026973ca0651ae5a9d2,true,false
Ky7m/DemoCode,WorkWithTelemetryInDotNET/BillingService/OrderPlacedHandler.cs,e23edf42fba406564f40a67916ed16ae2b448ef7,true,false
LiveSplit/LiveSplit,LiveSplit/LiveSplit.Core/Model/LiveSplitState.cs,8af6c8bac255f1d66d5c9045ebae20cdd81f15d8,true,false
MetacoSA/NBitcoin,NBitcoin.Tests/AltcoinTests.cs,328cfdc071386968a56e183f68116ba80dd1d6f6,true,false
MetacoSA/NBitcoin,NBitcoin/Protocol/Payloads/FeeFilterPayload.cs,328cfdc071386968a56e183f68116ba80dd1d6f6,true,false
MetacoSA/NBitcoin,NBitcoin/Transaction.cs,69cb6ada7a941924bff24b41fc0d603282f13cfc,false,true
MetacoSA/NBitcoin,NBitcoin.Altcoins/Liquid.cs,8aa8face84b1cb78fe91e85c6950b7e1c68ed0c1,true,false
NLog/NLog.Extensions.Logging,test/NLog.Extensions.Logging.Tests/LoggerTests.cs,da7f3d140e1ff45e1bca1983fb46efec2d8b9154,false,true
NakedObjectsGroup/NakedObjectsFramework,NakedFramework/NakedFramework.Rest.Snapshot/Representation/ArgumentsRepresentation.cs,17ee5ea848e10edf814f42ca1095c95e71e349ad,true,false
NakedObjectsGroup/NakedObjectsFramework,NakedFramework/NakedFramework.Rest.Snapshot/Representation/ObjectRepresentation.cs,2c1b0ec5a43d261fd9c68ecc84526ee16f3b101c,false,true
NakedObjectsGroup/NakedObjectsFramework,Client/nakedobjects-client/restful-objects/src/models.ts,b63cd64c4da34704faccdab5e5cfefe22198470c,true,false
NakedObjectsGroup/NakedObjectsFramework,Client/nakedobjects-client/gemini/src/attachment-property/attachment-property.component.ts,dafe4a6eb37fa61a65a33cd8b08109a32515c310,true,false
Nethereum/Nethereum,src/Nethereum.Contracts/ContractRevertExceptionHandler.cs,1d96acc84caade0ad57026ff6c4af9a4ba9af0a7,true,false
Nethereum/Nethereum,tests/Nethereum.Contracts.IntegrationTests/SmartContracts/ErrorReasonTest.cs,1d96acc84caade0ad57026ff6c4af9a4ba9af0a7,true,false
OpenRA/OpenRA,OpenRA.Game/Scripting/ScriptObjectWrapper.cs,02d9ba020dc91939160568d38bceec444d61d859,true,false
OpenRA/OpenRA,mods/d2k/installer/d2k.yaml,09b32f7f98b5d1846e5e7e06a932953c8c4232b7,true,false
OpenRA/OpenRA,OpenRA.Game/Network/ReplayConnection.cs,111d9e4230978a72d2364e60236d7629080c633f,true,false
OpenRA/OpenRA,mods/ra/maps/fall-of-greece-1-personal-war/personal-war.lua,34ccaf6e9ddd5d7297e51eeea9cce1d24e87bf6d,true,false
OpenRA/OpenRA,packaging/linux/buildpackage.sh,4ecf4f9f3fbfda1961a925f6f9f7ad512cf99a8d,false,true
OpenRA/OpenRA,mods/ra/maps/allies-06a/allies06a.lua,5c8a537efd2532e8b57f25c052388518d264af7d,true,false
OpenRA/OpenRA,OpenRA.Mods.Common/UpdateRules/Rules/20210321/RenameContrailProperties.cs,64908c8e70d92803b5a7d893b7fc9e000c298787,true,false
OpenRA/OpenRA,OpenRA.Mods.Common/Traits/Buildings/RallyPoint.cs,6c348620f33a9048332bf582915d05f953b939a7,true,false
OpenRA/OpenRA,mods/d2k/chrome/ingame-player.yaml,6c348620f33a9048332bf582915d05f953b939a7,true,false
OpenRA/OpenRA,mods/ra/maps/soviet-01/rules.yaml,6c348620f33a9048332bf582915d05f953b939a7,true,false
OpenRA/OpenRA,mods/ts/chrome/ingame-player.yaml,6c348620f33a9048332bf582915d05f953b939a7,true,false
OpenRA/OpenRA,OpenRA.Mods.Common/Traits/Render/RenderDebugState.cs,6e6c828c85d765962377197d140af9a6242eff52,true,false
OpenRA/OpenRA,OpenRA.Mods.Common/EditorBrushes/EditorTileBrush.cs,74c35edbd9da6e97897e5a78fe47dea9fb568cef,true,false
OpenRA/OpenRA,OpenRA.Mods.Common/Traits/World/EditorActorPreview.cs,81020e70fabd7cb986538c309ff1753bc0e3ba37,true,false
OpenRA/OpenRA,OpenRA.Mods.Common/Widgets/SupportPowersWidget.cs,acc2c11e6952e342546e84adb06cdad28839c699,true,false
OpenRA/OpenRA,OpenRA.Mods.Common/Activities/Air/ReturnToBase.cs,bd882c98c7d9ab4659075854c6240133c0503978,true,false
OpenRA/OpenRA,OpenRA.Mods.Common/Traits/SupportPowers/SupportPower.cs,e54b88a6cbbd6ea573f6561db3d495580b5ac445,false,true
OrionFive/Hospitality,Source/Source/ITab_Pawn_Guest.cs,011c644b41de8a2b158c4ac11fe6c5bf427d7a8d,false,true
OrionFive/Hospitality,Source/Source/Patches/Pawn_GuestTracker_Patch.cs,a07d081c8a2a6fe6d64fc028fa20b27b03e44b32,true,false
OrionFive/Hospitality,Source/Source/MainTab/PawnColumnWorker_FriendsForRecruiting.cs,b095d85b90f0e82c85b0eb258c874d7f919a4ed6,true,false
Pathoschild/StardewMods,SmallBeachFarm/Patches/FarmPatcher.cs,0f6a98756af5daa6005791e67e2155651e4f7070,true,false
PhilipDaniels/BassUtils,BassUtils.Oracle/OracleParameterCollectionExtensions.cs,ec2458d279ec52c3ab7d406404a9b094c57eee6a,true,false
PhilipDaniels/BassUtils,BassUtils.Oracle/README.md,ec2458d279ec52c3ab7d406404a9b094c57eee6a,true,false
PhilipDaniels/BassUtils,BassUtils.Oracle/version.json,ec2458d279ec52c3ab7d406404a9b094c57eee6a,true,false
PowerShell/PowerShellEditorServices,src/PowerShellEditorServices/Services/TextDocument/Handlers/CompletionHandler.cs,5df82eb8a8a8bd19c9deddb322b8531f6bebc422,true,false
PowerShell/PowerShellEditorServices,test/PowerShellEditorServices.Test.E2E/LSPTestsFixures.cs,5df82eb8a8a8bd19c9deddb322b8531f6bebc422,true,false
PowerShell/PowerShellEditorServices,test/PowerShellEditorServices.Test.E2E/LanguageServerProtocolMessageTests.cs,5df82eb8a8a8bd19c9deddb322b8531f6bebc422,true,false
Pryaxis/TShock,docs/.nojekyll,7eede03c38ac1e2a67fbe3a7678a1de12ecbea5d,true,true
Pryaxis/TShock,docs/index.html,7eede03c38ac1e2a67fbe3a7678a1de12ecbea5d,true,true
QuantConnect/Lean,Engine/Setup/BrokerageSetupHandler.cs,7095dc1559cbd09d9bd988559f20433c43d96e45,true,false
QuantConnect/Lean,.devcontainer/Dockerfile,736e5d1fe0ecf332190aeeb5f9abcaa315328840,true,false
QuantConnect/Lean,.devcontainer/devcontainer.json,736e5d1fe0ecf332190aeeb5f9abcaa315328840,true,false
QuantConnect/Lean,.vscode/launch.json,736e5d1fe0ecf332190aeeb5f9abcaa315328840,true,false
QuantConnect/Lean,.vscode/launch_research.sh,736e5d1fe0ecf332190aeeb5f9abcaa315328840,true,false
QuantConnect/Lean,.vscode/readme.md,736e5d1fe0ecf332190aeeb5f9abcaa315328840,true,false
QuantConnect/Lean,.vscode/settings.json,736e5d1fe0ecf332190aeeb5f9abcaa315328840,true,false
QuantConnect/Lean,.vscode/tasks.json,736e5d1fe0ecf332190aeeb5f9abcaa315328840,true,false
QuantConnect/Lean,Research/BasicQuantBookTemplate.ipynb,736e5d1fe0ecf332190aeeb5f9abcaa315328840,true,false
QuantConnect/Lean,Common/QuantConnect.csproj,a0fd2b193fd71f30f404fdf77773d487b5b1b3bc,true,true
Radarr/Radarr,src/Radarr.Api.V3/Queue/QueueController.cs,1f91be6407952adb12efbf73c99557c26221f5fc,true,false
Radarr/Radarr,src/NzbDrone/WindowsApp.cs,296ec6c56598c6531e4304b4f9e78f1e20aa9bdf,true,false
Radarr/Radarr,src/NzbDrone.Core/Download/DownloadService.cs,2d867a6cb69b14f38b94aaeb5d92d616f06527ec,true,false
Radarr/Radarr,src/Radarr.Api.V3/CustomFormats/CustomFormatResource.cs,4280df8b61ff8adf1b58b3229750b520dffc0276,true,false
Radarr/Radarr,src/NzbDrone.Core/Movies/Collections/AddMovieCollectionService.cs,4f5ad899bb792ed0c57ce6cf7182bc171c30dfb6,true,false
Radarr/Radarr,src/NzbDrone.Test.Common/ExceptionVerification.cs,5330815e1bca62092957491a2199c1be6271641b,true,false
Radarr/Radarr,src/NzbDrone.Core/Download/Clients/Sabnzbd/SabnzbdCategory.cs,6c01e8c91f634ac52873d3109fc2221af82caaa6,true,false
Radarr/Radarr,src/NzbDrone.Core/MediaFiles/MovieImport/Specifications/UpgradeSpecification.cs,9662495fa2e756a79516cb32e770b7b3c22835a5,true,false
Radarr/Radarr,src/NzbDrone/SysTray/SysTrayApp.cs,bf8999598436845f46842bf662d9c54f9e13f0c2,true,false
Radarr/Radarr,src/NzbDrone.Common.Test/InstrumentationTests/CleanseLogMessageFixture.cs,e5ceb20a83afd0d3637207315cf1eecaedc49e7b,true,false
Radarr/Radarr,src/NzbDrone.Common/Instrumentation/CleanseLogMessage.cs,e5ceb20a83afd0d3637207315cf1eecaedc49e7b,true,false
Radarr/Radarr,src/NzbDrone.Core.Test/ParserTests/LanguageParserFixture.cs,ee32d42c94b43fc0ef5e15ff3244ab3cf2767823,true,false
Radarr/Radarr,src/Radarr.Api.V3/Calendar/CalendarController.cs,f6904608a7049edebd7d98cd12de511633e6340f,false,true
RobinHood70/HoodBot,HoodBot/Jobs/EditJob.cs,11cfe6947dc7bb882b887a9b9a1f9d9326b680fe,false,true
RobinHood70/HoodBot,WallE/Clients/SimpleClientRetryHandler.cs,d86c78f9dd2fd7526363b51942e54c2722dc6901,true,true
SignalGo/SignalGo-full-net,SignalGo.Server/Models/OperationContext.cs,646e61af6228400d35de42baa8e961c28092c559,true,false
SonarSource/sonarlint-visualstudio,src/Roslyn.Suppressions/Roslyn.Suppressions/SupportedSuppressionBuilder.g.cs,8941a8a78428fced8c4d811417769f3d43c0ed31,true,false
StockSharp/StockSharp,Samples/Connectors/BitStamp/Native/HttpClient.cs,42af50bdf270488e55f03bb929bb021c9f70f951,true,false
StockSharp/StockSharp,Algo/Connector_SubscriptionManager.cs,7105fccfde14f167a51f4967f99f62228209b4aa,false,true
StockSharp/StockSharp,Algo/Export/ExcelExporter.cs,bb3f9d628177562df491b3ad8ff7bdbe047f83d9,true,false
StockSharp/StockSharp,Algo.Export/DatabaseExporter.cs,cbcff30e934c046836449e33601ed9148d24fee6,true,false
SubnauticaNitrox/Nitrox,Nitrox.Test/Client/Communication/DeferredPacketReceiverTest.cs,8cbd8c9fac012dcdebadf1a3e7b9a092f9297117,true,false
SubnauticaNitrox/Nitrox,Nitrox.Test/Client/Communication/MultiplayerSessionTests/ConnectionStateTests/ConnectionNegotiatedStateTests/SessionJoinedStateTests.cs,8cbd8c9fac012dcdebadf1a3e7b9a092f9297117,true,false
SubnauticaNitrox/Nitrox,Nitrox.Test/Client/Communication/MultiplayerSessionTests/ConnectionStateTests/ConnectionNegotiatedStateTests/SessionReservationRejectedStateTests.cs,8cbd8c9fac012dcdebadf1a3e7b9a092f9297117,true,false
SubnauticaNitrox/Nitrox,Nitrox.Test/Client/Communication/MultiplayerSessionTests/ConnectionStateTests/ConnectionNegotiatedStateTests/SessionReservedStateTests.cs,8cbd8c9fac012dcdebadf1a3e7b9a092f9297117,true,false
SubnauticaNitrox/Nitrox,Nitrox.Test/Client/Communication/MultiplayerSessionTests/ConnectionStateTests/ConnectionNegotiatingStateTests/AwaitingReservationCredentialsStateTests.cs,8cbd8c9fac012dcdebadf1a3e7b9a092f9297117,true,false
SubnauticaNitrox/Nitrox,Nitrox.Test/Client/Communication/MultiplayerSessionTests/ConnectionStateTests/ConnectionNegotiatingStateTests/AwaitingSessionReservationStateTests.cs,8cbd8c9fac012dcdebadf1a3e7b9a092f9297117,true,false
SubnauticaNitrox/Nitrox,Nitrox.Test/Client/Communication/MultiplayerSessionTests/ConnectionStateTests/ConnectionNegotiatingStateTests/EstablishingSessionPolicyStateTests.cs,8cbd8c9fac012dcdebadf1a3e7b9a092f9297117,true,false
SubnauticaNitrox/Nitrox,Nitrox.Test/Client/Communication/MultiplayerSessionTests/ConnectionStateTests/DisconnectedStateTests.cs,8cbd8c9fac012dcdebadf1a3e7b9a092f9297117,true,false
SubnauticaNitrox/Nitrox,Nitrox.Test/Client/Communication/MultiplayerSessionTests/MultiplayerSessionMangerTests.cs,8cbd8c9fac012dcdebadf1a3e7b9a092f9297117,true,false
SubnauticaNitrox/Nitrox,Nitrox.Test/Client/Communication/MultiplayerSessionTests/TestConstants.cs,8cbd8c9fac012dcdebadf1a3e7b9a092f9297117,true,false
SubnauticaNitrox/Nitrox,Nitrox.Test/Client/Communication/TestNonActionPacket.cs,8cbd8c9fac012dcdebadf1a3e7b9a092f9297117,true,false
SubnauticaNitrox/Nitrox,Nitrox.Test/Client/GameLogic/PlayerLogic/PlayerPreferences/PlayerPreferenceManagerTests.cs,8cbd8c9fac012dcdebadf1a3e7b9a092f9297117,true,false
SubnauticaNitrox/Nitrox,Nitrox.Test/Client/PlayerPreferences/PlayerPreferenceManagerTests.cs,8cbd8c9fac012dcdebadf1a3e7b9a092f9297117,true,false
SubnauticaNitrox/Nitrox,Nitrox.Test/Client/PlayerPreferences/TestConstants.cs,8cbd8c9fac012dcdebadf1a3e7b9a092f9297117,true,false
SubnauticaNitrox/Nitrox,Nitrox.Test/Core/DependencyInjectionTests.cs,8cbd8c9fac012dcdebadf1a3e7b9a092f9297117,true,false
SubnauticaNitrox/Nitrox,Nitrox.Test/DataStructures/NitroxInt3Test.cs,8cbd8c9fac012dcdebadf1a3e7b9a092f9297117,true,false
SubnauticaNitrox/Nitrox,Nitrox.Test/DataStructures/NitroxQuaternionTest.cs,8cbd8c9fac012dcdebadf1a3e7b9a092f9297117,true,false
SubnauticaNitrox/Nitrox,Nitrox.Test/DataStructures/NitroxTransformTest.cs,8cbd8c9fac012dcdebadf1a3e7b9a092f9297117,true,false
SubnauticaNitrox/Nitrox,Nitrox.Test/DataStructures/ThreadSafeListTest.cs,8cbd8c9fac012dcdebadf1a3e7b9a092f9297117,true,false
SubnauticaNitrox/Nitrox,Nitrox.Test/DataStructures/ThreadSafeQueueTest.cs,8cbd8c9fac012dcdebadf1a3e7b9a092f9297117,true,false
SubnauticaNitrox/Nitrox,Nitrox.Test/DataStructures/ThreadSafeSetTest.cs,8cbd8c9fac012dcdebadf1a3e7b9a092f9297117,true,false
SubnauticaNitrox/Nitrox,Nitrox.Test/Model/Core/DependencyInjectionTests.cs,8cbd8c9fac012dcdebadf1a3e7b9a092f9297117,true,false
SubnauticaNitrox/Nitrox,Nitrox.Test/Model/DataStructures/NitroxInt3Test.cs,8cbd8c9fac012dcdebadf1a3e7b9a092f9297117,true,false
SubnauticaNitrox/Nitrox,Nitrox.Test/Model/DataStructures/PriorityQueueTest.cs,8cbd8c9fac012dcdebadf1a3e7b9a092f9297117,true,false
SubnauticaNitrox/Nitrox,Nitrox.Test/Model/DataStructures/ThreadSafeListTest.cs,8cbd8c9fac012dcdebadf1a3e7b9a092f9297117,true,false
SubnauticaNitrox/Nitrox,Nitrox.Test/Model/DataStructures/ThreadSafeQueueTest.cs,8cbd8c9fac012dcdebadf1a3e7b9a092f9297117,true,false
SubnauticaNitrox/Nitrox,Nitrox.Test/Model/DataStructures/ThreadSafeSetTest.cs,8cbd8c9fac012dcdebadf1a3e7b9a092f9297117,true,false
SubnauticaNitrox/Nitrox,Nitrox.Test/Model/DataStructures/Unity/NitroxQuaternionTest.cs,8cbd8c9fac012dcdebadf1a3e7b9a092f9297117,true,false
SubnauticaNitrox/Nitrox,Nitrox.Test/Model/DataStructures/Util/OptionalTest.cs,8cbd8c9fac012dcdebadf1a3e7b9a092f9297117,true,false
SubnauticaNitrox/Nitrox,Nitrox.Test/Model/Helper/ReflectTest.cs,8cbd8c9fac012dcdebadf1a3e7b9a092f9297117,true,false
SubnauticaNitrox/Nitrox,Nitrox.Test/Model/OptionalTest.cs,8cbd8c9fac012dcdebadf1a3e7b9a092f9297117,true,false
SubnauticaNitrox/Nitrox,Nitrox.Test/Model/PacketProcessorTest.cs,8cbd8c9fac012dcdebadf1a3e7b9a092f9297117,true,false
SubnauticaNitrox/Nitrox,Nitrox.Test/Model/Packets/Processors/PacketProcessorTest.cs,8cbd8c9fac012dcdebadf1a3e7b9a092f9297117,true,false
SubnauticaNitrox/Nitrox,Nitrox.Test/Model/Platforms/OS/Windows/RegistryTest.cs,8cbd8c9fac012dcdebadf1a3e7b9a092f9297117,true,false
SubnauticaNitrox/Nitrox,Nitrox.Test/Model/PriorityQueueTest.cs,8cbd8c9fac012dcdebadf1a3e7b9a092f9297117,true,false
SubnauticaNitrox/Nitrox,Nitrox.Test/Model/ReflectTest.cs,8cbd8c9fac012dcdebadf1a3e7b9a092f9297117,true,false
SubnauticaNitrox/Nitrox,Nitrox.Test/Model/Test/TestNonActionPacket.cs,8cbd8c9fac012dcdebadf1a3e7b9a092f9297117,true,false
SubnauticaNitrox/Nitrox,Nitrox.Test/Patcher/PatchTestHelper.cs,8cbd8c9fac012dcdebadf1a3e7b9a092f9297117,true,false
SubnauticaNitrox/Nitrox,Nitrox.Test/Patcher/Patches/BaseGhost_Finish_PatchTest.cs,8cbd8c9fac012dcdebadf1a3e7b9a092f9297117,true,false
SubnauticaNitrox/Nitrox,Nitrox.Test/Patcher/Patches/BuilderPatchTest.cs,8cbd8c9fac012dcdebadf1a3e7b9a092f9297117,true,false
SubnauticaNitrox/Nitrox,Nitrox.Test/Patcher/Patches/BuilderTool_HandleInput_PatchTest.cs,8cbd8c9fac012dcdebadf1a3e7b9a092f9297117,true,false
SubnauticaNitrox/Nitrox,Nitrox.Test/Patcher/Patches/ConstructableBase_SetState_PatchTest.cs,8cbd8c9fac012dcdebadf1a3e7b9a092f9297117,true,false
SubnauticaNitrox/Nitrox,Nitrox.Test/Patcher/Patches/ConstructorInput_OnCraftingBegin_PatchTest.cs,8cbd8c9fac012dcdebadf1a3e7b9a092f9297117,true,false
SubnauticaNitrox/Nitrox,Nitrox.Test/Patcher/Patches/CrashedShipExploder_Update_PatchTest.cs,8cbd8c9fac012dcdebadf1a3e7b9a092f9297117,true,false
SubnauticaNitrox/Nitrox,Nitrox.Test/Patcher/Patches/CyclopsSonarButton_Update_PatchTest.cs,8cbd8c9fac012dcdebadf1a3e7b9a092f9297117,true,false
SubnauticaNitrox/Nitrox,Nitrox.Test/Patcher/Patches/Dynamic/BaseGhost_Finish_PatchTest.cs,8cbd8c9fac012dcdebadf1a3e7b9a092f9297117,true,false
SubnauticaNitrox/Nitrox,Nitrox.Test/Patcher/Patches/Dynamic/BuilderPatchTest.cs,8cbd8c9fac012dcdebadf1a3e7b9a092f9297117,true,false
SubnauticaNitrox/Nitrox,Nitrox.Test/Patcher/Patches/Dynamic/BuilderTool_HandleInput_PatchTest.cs,8cbd8c9fac012dcdebadf1a3e7b9a092f9297117,true,false
SubnauticaNitrox/Nitrox,Nitrox.Test/Patcher/Patches/Dynamic/ConstructableBase_SetState_PatchTest.cs,8cbd8c9fac012dcdebadf1a3e7b9a092f9297117,true,false
SubnauticaNitrox/Nitrox,Nitrox.Test/Patcher/Patches/Dynamic/ConstructorInput_OnCraftingBegin_PatchTest.cs,8cbd8c9fac012dcdebadf1a3e7b9a092f9297117,true,false
SubnauticaNitrox/Nitrox,Nitrox.Test/Patcher/Patches/Dynamic/CrashedShipExploder_Update_PatchTest.cs,8cbd8c9fac012dcdebadf1a3e7b9a092f9297117,true,false
SubnauticaNitrox/Nitrox,Nitrox.Test/Patcher/Patches/Dynamic/CyclopsSonarButton_Update_PatchTest.cs,8cbd8c9fac012dcdebadf1a3e7b9a092f9297117,true,false
SubnauticaNitrox/Nitrox,Nitrox.Test/Patcher/Patches/Dynamic/Equipment_RemoveItem_PatchTest.cs,8cbd8c9fac012dcdebadf1a3e7b9a092f9297117,true,false
SubnauticaNitrox/Nitrox,Nitrox.Test/Patcher/Patches/Dynamic/IngameMenu_QuitGameAsync_PatchTest.cs,8cbd8c9fac012dcdebadf1a3e7b9a092f9297117,true,false
SubnauticaNitrox/Nitrox,Nitrox.Test/Patcher/Patches/Dynamic/LaunchRocket_OnHandClick_PatchTest.cs,8cbd8c9fac012dcdebadf1a3e7b9a092f9297117,true,false
SubnauticaNitrox/Nitrox,Nitrox.Test/Patcher/Patches/Dynamic/uGUI_PDA_Initialize_PatchTest.cs,8cbd8c9fac012dcdebadf1a3e7b9a092f9297117,true,false
SubnauticaNitrox/Nitrox,Nitrox.Test/Patcher/Patches/Dynamic/uGUI_PDA_SetTabs_PatchTest.cs,8cbd8c9fac012dcdebadf1a3e7b9a092f9297117,true,false
SubnauticaNitrox/Nitrox,Nitrox.Test/Patcher/Patches/Dynamic/uGUI_Pings_OnWillRenderCanvases_PatchTest.cs,8cbd8c9fac012dcdebadf1a3e7b9a092f9297117,true,false
SubnauticaNitrox/Nitrox,Nitrox.Test/Patcher/Patches/Equipment_RemoveItem_PatchTest.cs,8cbd8c9fac012dcdebadf1a3e7b9a092f9297117,true,false
SubnauticaNitrox/Nitrox,Nitrox.Test/Patcher/Patches/IngameMenu_QuitGameAsync_PatchTest.cs,8cbd8c9fac012dcdebadf1a3e7b9a092f9297117,true,false
SubnauticaNitrox/Nitrox,Nitrox.Test/Patcher/Patches/uGUI_PDA_Initialize_PatchTest.cs,8cbd8c9fac012dcdebadf1a3e7b9a092f9297117,true,false
SubnauticaNitrox/Nitrox,Nitrox.Test/Patcher/Patches/uGUI_PDA_SetTabs_PatchTest.cs,8cbd8c9fac012dcdebadf1a3e7b9a092f9297117,true,false
SubnauticaNitrox/Nitrox,Nitrox.Test/Patcher/Patches/uGUI_Pings_OnWillRenderCanvases_PatchTest.cs,8cbd8c9fac012dcdebadf1a3e7b9a092f9297117,true,false
SubnauticaNitrox/Nitrox,Nitrox.Test/Patcher/Test/PatchTestHelper.cs,8cbd8c9fac012dcdebadf1a3e7b9a092f9297117,true,false
SubnauticaNitrox/Nitrox,Nitrox.Test/Platforms/OS/Windows/RegistryTest.cs,8cbd8c9fac012dcdebadf1a3e7b9a092f9297117,true,false
SubnauticaNitrox/Nitrox,Nitrox.Test/Serialization/InteractiveChildObjectIdentifiersSerializationTest.cs,8cbd8c9fac012dcdebadf1a3e7b9a092f9297117,true,false
SubnauticaNitrox/Nitrox,Nitrox.Test/Serialization/PdaStateDataSerializationTest.cs,8cbd8c9fac012dcdebadf1a3e7b9a092f9297117,true,false
SubnauticaNitrox/Nitrox,Nitrox.Test/Server/Serialization/InteractiveChildObjectIdentifiersSerializationTest.cs,8cbd8c9fac012dcdebadf1a3e7b9a092f9297117,true,false
SubnauticaNitrox/Nitrox,Nitrox.Test/Server/Serialization/PdaStateDataSerializationTest.cs,8cbd8c9fac012dcdebadf1a3e7b9a092f9297117,true,false
SubnauticaNitrox/Nitrox,Nitrox.Test/SetupAssemblyInitializer.cs,8cbd8c9fac012dcdebadf1a3e7b9a092f9297117,true,false
SubnauticaNitrox/Nitrox,Nitrox.Test/TestAutoFacRegistrar.cs,8cbd8c9fac012dcdebadf1a3e7b9a092f9297117,true,false
SubnauticaNitrox/Nitrox,Nitrox.Test/Threading/ThreadSafeListTest.cs,8cbd8c9fac012dcdebadf1a3e7b9a092f9297117,true,false
SubnauticaNitrox/Nitrox,Nitrox.Test/Threading/ThreadSafeSetTest.cs,8cbd8c9fac012dcdebadf1a3e7b9a092f9297117,true,false
SubnauticaNitrox/Nitrox,NitroxModel/DataStructures/Optional.cs,8cbd8c9fac012dcdebadf1a3e7b9a092f9297117,true,false
SubtitleEdit/subtitleedit,src/libse/Forms/FixCommonErrors/Helper.cs,202c6a0c0454d5e8ec1577038b71ff14ff3ee4cf,true,false
SubtitleEdit/subtitleedit,src/libse/Common/HtmlUtil.cs,6e540a18d1a9f17d972cb2ce084de14974812c17,true,false
SubtitleEdit/subtitleedit,src/libse/Forms/FixCommonErrors/FixMissingSpaces.cs,7002fe970bd46a3cd2e0cf23a39cfd8ec5ff7ea5,true,false
SubtitleEdit/subtitleedit,src/libse/SubtitleFormats/Spruce.cs,8102567454505e5ae42a70dfa23438d95cfbc80a,false,true
TechnitiumSoftware/DnsServer,DnsServerCore/Auth/AuthManager.cs,6338a5492ae86a5c1e3b896561fd289b06a72c2c,false,true
TechnitiumSoftware/DnsServer,DnsServerSystemTrayApp/MainApplicationContext.cs,bc1fead1b501adede98adf803374d0a149ca659a,false,true
TechnitiumSoftware/DnsServer,DnsServerCore/WebServiceOtherZonesApi.cs,c1f2b30950503b7db3feebb73fc0d33ea9090ea8,false,true
TechnitiumSoftware/DnsServer,Apps/AdvancedBlockingApp/App.cs,ff8203ee70bf1406f4eed34526043896afb932ad,false,true
TechnitiumSoftware/TechnitiumLibrary,TechnitiumLibrary.Net/WebClientEx.cs,05556d17922b366bb0c66182de4e692b84da19f7,false,true
TechnitiumSoftware/TechnitiumLibrary,TechnitiumLibrary.Net/NetworkAddress.cs,4acc6555b6a8a5d82515799f8fc0d32cd7235578,false,true
TechnitiumSoftware/TechnitiumLibrary,TechnitiumLibrary.Net/Dns/ResourceRecords/DnsDSRecordData.cs,cc154f4f1f57478446584e3444a5aabb515c01f4,true,false
TrinityCore/WowPacketParser,WowPacketParser/Enums/Version/V2_5_4_42581/Opcodes.cs,065ecdd3018c6053bc88a6cc7c0c9bc47bc72783,false,true
TrinityCore/WowPacketParser,WowPacketParserModule.V6_0_2_19033/Parsers/GroupHandler.cs,1f963cd69350a2dc93385ee044faba5842b323a5,true,false
TrinityCore/WowPacketParser,WowPacketParserModule.V2_5_1_38707/Parsers/QuestHandler.cs,25613b3e153c986966916e4a1500c591b5113fcd,false,true
UnigramDev/Unigram,Unigram/Unigram/Views/Settings/SettingsStickersPage.xaml.cs,0c7362ff1123ccd6ad4925d96ef687aa48410a11,true,false
UnigramDev/Unigram,Unigram/Unigram/Entities/StorageAudio.cs,2a7a0d2e5584e6509ca582a67d407c7c07fab60e,true,false
UnigramDev/Unigram,Unigram/Unigram/Controls/Messages/MenuFlyoutReactions.xaml,558b89c99f2e69911d4c439ee6fa9db15fa06d23,false,true
UnigramDev/Unigram,Unigram/Unigram.Native/PlaceholderImageHelper.cpp,ab0045bccc141e0f21d0d3a70d3dbd0d5a6ae3ff,false,true
UnigramDev/Unigram,Unigram/Unigram.Native/PlaceholderImageHelper.h,ab0045bccc141e0f21d0d3a70d3dbd0d5a6ae3ff,false,true
UnigramDev/Unigram,Unigram/Unigram/Controls/Messages/MessageReference.xaml.cs,aef44e1b38f9bb1887f33bc8a1ccdb6a48604eae,true,false
UnigramDev/Unigram,Unigram/Unigram/Views/Premium/Popups/LimitReachedPopup.xaml,c15862a4f484ea1eba1284f7fa902ec5b0eb62e6,true,false
UnigramDev/Unigram,Unigram/Unigram/ViewModels/Chats/ChatSearchViewModel.cs,e5fade295e26de5ac7bab563915dff0ff4f96838,true,false
UnigramDev/Unigram,Unigram/Unigram/Controls/Messages/MessageFooter.xaml.cs,f9d027c614cd0e474db53e6edab4d393991d0923,true,false
Vanaheimr/Hermod,Hermod/Hermod/HTTP/General/HTTPCookieName.cs,002e6deb1d0f186b0567ae3cc0d462a30ee3d116,false,true
WeihanLi/SparkTodo,.gitignore,1af32e1e6ca243780cfa8f6782cb8bf87f388ebf,false,true
WeihanLi/WeihanLi.Common,WeihanLi.Common.sln.DotSettings,187579b484fa5e9f07c57e7b10bd318b9a304c28,false,true
WeihanLi/WeihanLi.Common,src/WeihanLi.Common/Helpers/ConsoleHelper.cs,35e8fb5737cb8ffcff5a94a8af3e178e6990a1da,false,true
WimObiwan/FxMovieAlert,Site/Program.cs,3c7ac22e02c2e59cd9b8074ba56c5f8a3e0722ff,true,false
WireMock-Net/WireMock.Net,src/WireMock.Net.FluentAssertions/WireMock.Net.FluentAssertions.csproj,b523ab9125aa5d1d5f9927d1e050d755d1da2417,true,false
WireMock-Net/WireMock.Net,test/WireMock.Net.Tests/Owin/GlobalExceptionMiddlewareTests.cs,b523ab9125aa5d1d5f9927d1e050d755d1da2417,true,false
YAFNET/YAFNET,yafsrc/YetAnotherForum.NET/Controls/CategoryList.ascx.cs,3236cea6580b9f2e2c493176290514ad01b91067,true,false
YAFNET/YAFNET,yafsrc/YetAnotherForum.NET/Controls/DisplayPost.ascx.cs,56e6e765091db3587fdf6e8194fe7339c062fef2,true,false
YAFNET/YAFNET,yafsrc/YetAnotherForum.NET/Pages/Admin/Settings.ascx.cs,6c68d52b5462a5424754d3c93e566778a97ed9bb,true,false
YAFNET/YAFNET,yafsrc/YetAnotherForum.NET/Pages/DeleteMessage.ascx.cs,ac4184aea34872e43d92c8d69ffe962dce3508d0,true,false
YAFNET/YAFNET,yafsrc/YAF.Core/Services/Attachments.cs,c4cbfdc5d7cd9ac9b92c444fc7aef006560d1edc,true,false
adamabdelhamed/PowerArgs,PowerArgs/HelperTypesInternal/StdConsoleProvider.cs,1430613d873cb6661cbb75741c4363b97c0ef1d4,true,false
adamabdelhamed/PowerArgs,PowerArgs/ArgDefinition/CommandLineAction.cs,d2a09a3c4990e007613f24ea22ef1e58399d1c2b,true,false
alcexhim/UniversalEditor,Plugins/UniversalEditor.Plugins.Kronosaur/DataFormats/FileSystem/Kronosaur/TDB/ALDFDataFormat.cs,8496fd116c90acffc6740e555cee4f36fcb76b18,true,false
alcexhim/UniversalEditor,Plugins/UniversalEditor.Plugins.Multimedia/ObjectModels/Multimedia/Picture/PictureObjectModel.cs,d5cc7a716fcea8a01570b57cc30c2154e7e534df,true,false
alvivar/Hasten,Gigas/Loop.cs,48f3bf663fa97d6e26003f750ee73a3e565338f4,false,true
apache/lucenenet,src/Lucene.Net.Analysis.SmartCn/Utility.cs,089a439d82e95708d55f39a64206cccba39cf5da,true,false
apache/lucenenet,src/Lucene.Net.Analysis.Common/Analysis/Fr/FrenchStemmer.cs,3dca1619cc92d91ec2513372a838f4e7b9b86abe,true,false
apache/lucenenet,src/Lucene.Net.Analysis.Common/Analysis/Cjk/CJKBigramFilter.cs,44c53364ad249f3909eb5fba284492d12981faa9,true,false
apache/lucenenet,src/Lucene.Net.Queries/Mlt/MoreLikeThis.cs,4b09c0a411de5cdf903a019fae28b45336892a16,false,true
apache/lucenenet,src/Lucene.Net.Tests/Search/TestCustomSearcherSort.cs,8213e9310f19dda22566bf2d23338771a7ac8471,true,false
apache/lucenenet,src/Lucene.Net.Tests.Analysis.ICU/Analysis/Icu/Segmentation/TestICUTokenizerFactory.cs,b460a7a8fc8fe607ce9b7911cf42ad6fa27797fd,true,false
apache/lucenenet,src/Lucene.Net.Tests.Analysis.ICU/Collation/TestICUCollationKeyFilterFactory.cs,b460a7a8fc8fe607ce9b7911cf42ad6fa27797fd,true,false
apache/lucenenet,src/Lucene.Net.Tests.Analysis.Kuromoji/TestJapaneseIterationMarkCharFilterFactory.cs,b460a7a8fc8fe607ce9b7911cf42ad6fa27797fd,true,false
apache/lucenenet,src/Lucene.Net.Tests.Analysis.Kuromoji/TestJapanesePartOfSpeechStopFilterFactory.cs,b460a7a8fc8fe607ce9b7911cf42ad6fa27797fd,true,false
apache/lucenenet,src/Lucene.Net.Tests.Analysis.Kuromoji/TestJapaneseTokenizerFactory.cs,b460a7a8fc8fe607ce9b7911cf42ad6fa27797fd,true,false
apache/lucenenet,src/Lucene.Net.Tests.Analysis.Phonetic/Language/Bm/PhoneticEngineRegressionTest.cs,b460a7a8fc8fe607ce9b7911cf42ad6fa27797fd,true,false
apache/lucenenet,src/Lucene.Net.Tests.Analysis.Phonetic/TestBeiderMorseFilterFactory.cs,b460a7a8fc8fe607ce9b7911cf42ad6fa27797fd,true,false
apache/lucenenet,src/Lucene.Net.Tests.Analysis.Phonetic/TestPhoneticFilterFactory.cs,b460a7a8fc8fe607ce9b7911cf42ad6fa27797fd,true,false
apache/lucenenet,src/Lucene.Net.Tests.Misc/Document/TestLazyDocument.cs,b460a7a8fc8fe607ce9b7911cf42ad6fa27797fd,true,false
apache/lucenenet,src/Lucene.Net.Tests.QueryParser/Flexible/Precedence/TestPrecedenceQueryParser.cs,b460a7a8fc8fe607ce9b7911cf42ad6fa27797fd,true,false
apache/lucenenet,src/Lucene.Net.Tests.QueryParser/Flexible/Standard/TestMultiFieldQPHelper.cs,b460a7a8fc8fe607ce9b7911cf42ad6fa27797fd,true,false
apache/lucenenet,src/Lucene.Net.Tests.QueryParser/Flexible/Standard/TestStandardQP.cs,b460a7a8fc8fe607ce9b7911cf42ad6fa27797fd,true,false
apache/lucenenet,src/Lucene.Net.Tests.Spatial/Prefix/SpatialOpRecursivePrefixTreeTest.cs,b460a7a8fc8fe607ce9b7911cf42ad6fa27797fd,true,false
apache/lucenenet,src/Lucene.Net.Tests.Suggest/Suggest/DocumentDictionaryTest.cs,b460a7a8fc8fe607ce9b7911cf42ad6fa27797fd,true,false
apache/lucenenet,src/Lucene.Net.Tests.Suggest/Suggest/DocumentValueSourceDictionaryTest.cs,b460a7a8fc8fe607ce9b7911cf42ad6fa27797fd,true,false
apache/lucenenet,src/Lucene.Net.Tests.Suggest/Suggest/Fst/WFSTCompletionTest.cs,b460a7a8fc8fe607ce9b7911cf42ad6fa27797fd,true,false
apache/lucenenet,src/Lucene.Net.Tests.Suggest/Suggest/TestInputIterator.cs,b460a7a8fc8fe607ce9b7911cf42ad6fa27797fd,true,false
apache/lucenenet,src/Lucene.Net.Tests.Analysis.Common/Analysis/In/TestIndicNormalizer.cs,d660b9d518c038eed8f28cbc6157421bc49c71a5,false,true
apache/lucenenet,src/Lucene.Net.Analysis.Kuromoji/Token.cs,e27faab509d5a828e0f074a20f1271c44d5d2eb9,true,true
apache/lucenenet,src/Lucene.Net.Analysis.Kuromoji/Util/CSVUtil.cs,e8c49dc51abba323cd5344a151441d22e0e7d97d,true,false
apache/lucenenet,src/Lucene.Net.Tests.Analysis.Kuromoji/Util/TestCSVUtil.cs,e8c49dc51abba323cd5344a151441d22e0e7d97d,true,false
apache/lucenenet,src/Lucene.Net.Codecs/SimpleText/SimpleTextUtil.cs,eea43d74b0a72e421cf05276bec9022d4d847674,false,true
ashmind/SharpLab,source/Tests/Decompilation/TestCode/Finalizer.Exception.cs,59c15298fca004d1ae4509f10adabe2e075c30d4,true,false
ashmind/SharpLab,source/Tests/Decompilation/TestCode/JitAsm/ConsoleWrite.cs,59c15298fca004d1ae4509f10adabe2e075c30d4,true,false
ashmind/SharpLab,source/Tests/Decompilation/TestCode/JitAsm/ConsoleWrite.cs2asm,59c15298fca004d1ae4509f10adabe2e075c30d4,true,false
ashmind/SharpLab,source/Tests/Decompilation/TestCode/JitAsm/Delegate.cs,59c15298fca004d1ae4509f10adabe2e075c30d4,true,false
ashmind/SharpLab,source/Tests/Decompilation/TestCode/JitAsm/Delegate.cs2asm,59c15298fca004d1ae4509f10adabe2e075c30d4,true,false
ashmind/SharpLab,source/Tests/Decompilation/TestCode/JitAsm/DllImport.cs,59c15298fca004d1ae4509f10adabe2e075c30d4,true,false
ashmind/SharpLab,source/Tests/Decompilation/TestCode/JitAsm/JumpBack.cs,59c15298fca004d1ae4509f10adabe2e075c30d4,true,false
ashmind/SharpLab,source/Tests/Decompilation/TestCode/JitAsm/JumpBack.cs2asm,59c15298fca004d1ae4509f10adabe2e075c30d4,true,false
ashmind/SharpLab,source/Tests/Decompilation/TestCode/JitAsm/MultipleReturns.cs,59c15298fca004d1ae4509f10adabe2e075c30d4,true,false
ashmind/SharpLab,source/Tests/Decompilation/TestCode/JitAsm/MultipleReturns.cs2asm,59c15298fca004d1ae4509f10adabe2e075c30d4,true,false
ashmind/SharpLab,source/Tests/Decompilation/TestCode/JitAsm/Nested.Simple.cs,59c15298fca004d1ae4509f10adabe2e075c30d4,true,false
ashmind/SharpLab,source/Tests/Decompilation/TestCode/JitAsm/Nested.Simple.cs2asm,59c15298fca004d1ae4509f10adabe2e075c30d4,true,false
ashmind/SharpLab,source/Tests/Decompilation/TestCode/JitAsm/Simple.cs,59c15298fca004d1ae4509f10adabe2e075c30d4,true,false
ashmind/SharpLab,source/Tests/Decompilation/TestCode/JitAsm/Simple.cs2asm,59c15298fca004d1ae4509f10adabe2e075c30d4,true,false
ashmind/SharpLab,source/Tests/Decompilation/TestCode/JitAsm/Vectors.Avx2.cs,59c15298fca004d1ae4509f10adabe2e075c30d4,true,false
ashmind/SharpLab,source/#external/Fragile/Fragile/Fragile.csproj,829b32f11fd593e43a8b41c3172c5ad1954390bd,false,true
ashmind/SharpLab,source/#external/Fragile/Fragile/ProcessRunner.cs,829b32f11fd593e43a8b41c3172c5ad1954390bd,false,true
ashmind/SharpLab,source/Server/Execution/Internal/FlowReportingRewriter.cs,9c21bb4577dcf78e1cc91fd3cbde96db434925db,true,true
ashmind/SharpLab,source/Tests/Execution/FlowValueTests.cs,9c21bb4577dcf78e1cc91fd3cbde96db434925db,true,true
ashmind/SharpLab,source/Tests/Execution/TestCode/Flow/Values/Argument.Array.Generic.cs,9c21bb4577dcf78e1cc91fd3cbde96db434925db,true,true
aspnetboilerplate/aspnetboilerplate,src/Abp/Runtime/Caching/Memory/AbpMemoryCache.cs,5fe7345f2ed70831c10af37abb009992d9e5994a,true,false
bepu/bepuphysics2,BepuPhysics/Trees/RayBatcher.cs,d7a961245e24cc809d64bfb2150840fdcbb8212f,true,false
btcpayserver/btcpayserver,BTCPayServer/Payments/Bitcoin/BitcoinLikePaymentHandler.cs,1d7dee83142d7f4342fe9ac44bc7851aa20ad286,true,false
btcpayserver/btcpayserver,BTCPayServer/Views/UIStores/RequestPairing.cshtml,c0125b83d1f838895fadfc6bb12c0fe9ab026d8c,false,true
cake-build/cake,src/Cake.Core/CakeEngineActions.cs,1aa276e2855b1b32ade40a9bb5e5df0f5a3e3338,false,true
cake-build/cake,src/Cake.Core/CakeTaskBuilder.cs,c68ebddf17b9193bca8e8996e5abc92056f47ffe,false,true
cetusfinance/qwack,src/Qwack.Models/Calibrators/CMEModelBuilder.cs,486bfb21db6df60ad82d63cba89a4e7e51eea2a4,true,false
chylex/TweetDuck,windows/TweetDuck/Updates/UpdateInstaller.cs,416a43f0b155cc8d6bd885428cde90d6b0e26a1a,true,false
chylex/TweetDuck,windows/TweetImpl.CefSharp/Handlers/CefRequestHandler.cs,c303346bc33fc1f789c93cef7255a719045c3c6d,true,false
cube-soft/Cube.Core,Libraries/Core/Sources/Query.cs,03ec863615338dc12b6069bc27397e329fa7bf76,true,false
cube-soft/Cube.Core,Libraries/Core/Sources/Extensions/Reflection.cs,464744de721258f45551c47aeb663867ba682e37,true,false
cube-soft/Cube.Core,Tests/Core/Sources/Icons/FileIconTest.cs,464744de721258f45551c47aeb663867ba682e37,true,false
cube-soft/Cube.Core,Tests/FileSystem/Sources/ShortcutTest.cs,464744de721258f45551c47aeb663867ba682e37,true,false
dadhi/FastExpressionCompiler,test/FastExpressionCompiler.TestsRunner.Net472/Program.cs,d64a6136ea7177d08d59213b5b7c93f887a01445,true,false
devedse/DeveMazeGeneratorCore,DeveMazeGeneratorCore.ConsoleApp/Program.cs,ca99be351592019e412825f6d8b01ebe9bed0fdd,true,false
dgarage/NBXplorer,NBXplorer/HostedServices/DBTrieToPostgresMigratorHostedService.cs,07323f16ea330b92600d3b53f1759c7c66d6fcac,true,false
dgarage/NBXplorer,NBXplorer.sln,2fb8e2630f1a686755c84e78c76d889096dc31a2,true,false
dotnet/docfx,src/docfx.website.themes/default/styles/docfx.js,7a2602649a39157a4b8f02d1cc5b158acdcbbe6c,true,false
dotnet/docfx,src/Microsoft.DocAsCode.Metadata.ManagedReference/Resolvers/CopyInheritedDocumentation.cs,86db612b4a87f2527284aa5ae61e2cde357ddbf7,true,false
dotnet/orleans,src/Orleans.Analyzers/Orleans.Analyzers.csproj,3d8b2a95c3b9861f2288af07738cc9ecaa0f0dcd,true,false
dotnet/orleans,src/Orleans.GrainDirectory.Redis/RedisGrainDirectory.cs,3d8b2a95c3b9861f2288af07738cc9ecaa0f0dcd,true,false
dotnet/orleans,test/Extensions/TesterAdoNet/StorageTests/Relational/AdotNetProviderFunctionalityTests.cs,3d8b2a95c3b9861f2288af07738cc9ecaa0f0dcd,true,false
dotnet/orleans,test/TesterInternal/OrleansRuntime/Streams/CachedMessageBlockTests.cs,3d8b2a95c3b9861f2288af07738cc9ecaa0f0dcd,true,false
dotnet/orleans,src/Orleans.Core/Diagnostics/ActivityPropagationGrainCallFilter.cs,ea7e3241719e7a4894e04b85b00e87aa22986a38,false,true
dotnet/orleans,test/Tester/ActivityPropagationTests.cs,ea7e3241719e7a4894e04b85b00e87aa22986a38,false,true
dotnet/roslyn-analyzers,src/NetAnalyzers/UnitTests/Microsoft.NetCore.Analyzers/InteropServices/PInvokeDiagnosticAnalyzerTests.cs,7916ed7e9bf5efa57a35c2a493df53e10c16bd07,true,false
dotnet/roslyn-analyzers,src/NetAnalyzers/UnitTests/Microsoft.NetCore.Analyzers/Runtime/SealInternalTypesTests.cs,e43952404107333565f1f603fc015e3d7abf9845,true,false
dotnetcore/CAP,samples/Sample.ConsoleApp/Program.cs,27b45f8785f02e83673af79222de2d444fcedf96,true,false
dotnetcore/CAP,test/DotNetCore.CAP.Test/Helpers/TestServiceCollectionExtensions.cs,60675d5fa9e32196ddde3aef186fbb3275805628,true,false
dotnetcore/CAP,test/DotNetCore.CAP.Test/IntegrationTests/CancellationTokenSubscriberTest.cs,60675d5fa9e32196ddde3aef186fbb3275805628,true,false
elastic/elasticsearch-net,.editorconfig,0284bb43b18e0787e089e7dca810007976ea6775,true,false
elastic/elasticsearch-net,tests/Tests/Document/Multiple/BulkAll/BulkAllForEachAsyncApiTests.cs,0284bb43b18e0787e089e7dca810007976ea6775,true,false
elastic/elasticsearch-net,tests/Tests/Document/Multiple/BulkAll/BulkAllRetryTests.cs,0284bb43b18e0787e089e7dca810007976ea6775,true,false
fluffynuts/NExpect,src/NExpect.Tests.Core/DeepEqualityTesting.cs,f80426993e98e44ddf15b81d1c3f70db180946e2,true,false
fluffynuts/NExpect,src/NExpect/CollectionMatchers.cs,f80426993e98e44ddf15b81d1c3f70db180946e2,true,false
fluffynuts/PeanutButter,source/Utils/PeanutButter.Utils.Tests/TestStringifier.cs,eaa9d81fa81e1c95bf294a9edfd65aab73ebe849,true,false
fluffynuts/PeanutButter,source/Utils/PeanutButter.Utils/RetryExtensions.cs,eeab4233ca9fa8bad7be7294c4d63b6c69f316d0,true,false
gimlichael/Cuemon,test/Cuemon.Extensions.Core.Tests/Assets/GenericClass.cs,67f377af9218a991113a11e7e1f2d8bcfbbdf716,true,false
gimlichael/Cuemon,test/Cuemon.Extensions.Core.Tests/TypeExtensionsTest.cs,67f377af9218a991113a11e7e1f2d8bcfbbdf716,true,false
gimlichael/Cuemon,src/Cuemon.AspNetCore.Mvc/Filters/Diagnostics/ServerTimingFilter.cs,873a2e1a8f26db13488f6b3bc674dad053809b2a,true,false
gimlichael/Cuemon,src/Cuemon.Core/Generate.cs,8c348de071a6848a06b00851b1969cc076e5914d,true,false
gimlichael/Cuemon,test/Cuemon.Core.Tests/Globalization/WorldTest.cs,c7686c3dc80cfffc67c301a6f1f9d0b2dd1a714e,true,false
gimlichael/Cuemon,src/Cuemon.Extensions.Text.Json/Converters/StringFlagsEnumConverter.cs,eaccdea02fef7c71cb541892d522467891d3871c,true,false
googleads/googleads-mobile-unity,source/plugin/Assets/GoogleMobileAds/Api/RewardedAd.cs,8fce2f1806c4f1c46aaaa6cc47c8d86b65731533,true,false
googleapis/dotnet-spanner-entity-framework,Google.Cloud.EntityFrameworkCore.Spanner/Scaffolding/Internal/SpannerDatabaseModelFactory.cs,165b0875d42dfd27100150bef03d915ad9df5cad,true,false
googleapis/dotnet-spanner-entity-framework,Google.Cloud.EntityFrameworkCore.Spanner/Design/Internal/SpannerDesignTimeServices.cs,b820e462d18829543a06306c41e53a17cc48565d,true,false
googleapis/gapic-generator-csharp,Google.Api.Generator/Generation/ServiceDetails.cs,e657ab52501a5a3110d5a8d06452917d473ab3a3,true,false
googleapis/gax-dotnet,Google.Api.Gax.Rest.Tests/ClientBuilderBaseTest.Defaults.cs,20663c158c8675c008237196c8b3faa53c1f2437,true,false
googleapis/gax-dotnet,Google.Api.Gax.Rest.Tests/ClientBuilderBaseTest.cs,20663c158c8675c008237196c8b3faa53c1f2437,true,false
googleapis/gax-dotnet,Google.Api.Gax.Grpc.Tests/Rest/HttpRulePathPatternTest.cs,2a8ec9f18288cb622196645d03c43f3cdf816dcc,true,true
googleapis/gax-dotnet,Google.Api.Gax.Grpc.Tests/Rest/transcoder_tests.json,2a8ec9f18288cb622196645d03c43f3cdf816dcc,true,true
googleapis/gax-dotnet,Google.Api.Gax.Tests/VersionHeaderBuilderTest.cs,b3e2cf9e91dd3ce3b626a4f002a68a5f666caf9f,true,false
googleapis/gax-dotnet,Google.Api.Gax/VersionHeaderBuilder.cs,b3e2cf9e91dd3ce3b626a4f002a68a5f666caf9f,true,false
googleapis/google-api-dotnet-client,Src/Support/Google.Apis.Auth.Tests/OAuth2/ExternalAccountCredentialTests.cs,ed1aa54c9c8d3233e5c08f40bbe1e4acf04ae8d9,true,false
googleapis/google-api-dotnet-client,Src/Support/Google.Apis.Auth.Tests/OAuth2/ExternalAccountCredentialTestsBase.cs,ed1aa54c9c8d3233e5c08f40bbe1e4acf04ae8d9,true,false
googleapis/google-api-dotnet-client,Src/Support/Google.Apis.Auth/OAuth2/ExternalAccountCredential.cs,ed1aa54c9c8d3233e5c08f40bbe1e4acf04ae8d9,true,false
googleapis/google-cloud-dotnet,apis/Google.Cloud.Storage.V1/Google.Cloud.Storage.V1.Tests/FakeStorageService.cs,1ac6f6812d829081c096e3ae5da0de7972feb368,true,false
googleapis/google-cloud-dotnet,apis/Google.Cloud.Storage.V1/Google.Cloud.Storage.V1.Tests/StorageClientImplRetryTest.cs,1ac6f6812d829081c096e3ae5da0de7972feb368,true,false
googleapis/google-cloud-dotnet,apis/Google.Cloud.Storage.V1/Google.Cloud.Storage.V1/RetryHandler.cs,1ac6f6812d829081c096e3ae5da0de7972feb368,true,false
googleapis/google-cloud-dotnet,tools/Google.Cloud.ClientTesting/ReplayingMessageHandler.cs,1ac6f6812d829081c096e3ae5da0de7972feb368,true,false
googleapis/google-cloud-dotnet,apis/Google.Cloud.Spanner.Data/Google.Cloud.Spanner.Data/SpannerDbType.cs,2bfcfa7f002537551f91d99e3e759fad3b64b49b,false,true
googleapis/google-cloud-dotnet,apis/Google.Cloud.Spanner.V1/Google.Cloud.Spanner.V1/SessionPool.SessionPoolSegmentStatistics.cs,3350e47896efeca6390351dbf8f55c99958ad6f4,true,false
googleapis/google-cloud-dotnet,tools/Google.Cloud.Tools.Common/Processes.cs,9b34a5738c8005f8460b859de565534c45367fcd,true,false
googleapis/google-cloud-dotnet,tools/Google.Cloud.Tools.ApiIndex.V1/IndexAugmentations.cs,b71231ba61b9901c5c72353ab69e21a7eb446b0d,true,false
graphql-dotnet/graphql-dotnet,src/GraphQL/Execution/ExecutionResult.cs,06d7bd73d15dcbfeb9bbaadc0319ef64337de8a7,true,false
graphql-dotnet/graphql-dotnet,src/GraphQL.Tests/TypeExtensionTests.cs,087d52485201e5769e68687c199251080a2e9a90,true,false
graphql-dotnet/graphql-dotnet,src/GraphQL/Extensions/TypeExtensions.cs,087d52485201e5769e68687c199251080a2e9a90,true,false
graphql-dotnet/graphql-dotnet,src/GraphQL.Tests/ValueConverterFacts.cs,8599644806b213ace757516747a395f7a464dfcf,false,true
graphql-dotnet/graphql-dotnet,src/GraphQL/Conversion/ValueConverter.cs,8599644806b213ace757516747a395f7a464dfcf,false,true
graphql-dotnet/graphql-dotnet,src/GraphQL/Utilities/SchemaPrinter.cs,e903ba1c86d9c89d50796ace3ce5a66f623fb6bf,true,false
graphql-dotnet/graphql-dotnet,src/GraphQL/Validation/ValidationContext.cs,ec63bba6fa4a2d3f76e9f064c4c3f5736b9d67c8,true,false
graphql-dotnet/graphql-dotnet,src/GraphQL/Instrumentation/ApolloTrace.cs,fff7b59c403407fdd8c751e30cfbd6acd9630c3e,true,false
groupdocs-viewer/GroupDocs.Viewer-for-.NET,Demos/ASP.NET Core/src/Program.cs,46ed3750d3de11fdc6ac346351fe174e59ee0a69,false,true
groupdocs-viewer/GroupDocs.Viewer-for-.NET,Demos/ASP.NET Core/src/Storage/Cache/.gitkeep,46ed3750d3de11fdc6ac346351fe174e59ee0a69,false,true
i-e-b/ImageTools,src/ImageTools.Tests/DecorrelationTests.cs,8876d3afd33719b54a1ea36fa0733ea1e804ca11,false,true
i-e-b/ImageTools,src/ImageTools/Decorrelation.cs,8876d3afd33719b54a1ea36fa0733ea1e804ca11,false,true
insthync/LiteNetLibManager,Scripts/GameApi/LiteNetLibGameManager.cs,495ac8cc0abaa8c9eff416a6ef555e34eabc69de,true,false
inthehand/32feet,InTheHand.BluetoothLE/Platforms/Apple/BluetoothUuid.unified.cs,c0f10e22705aa7f547cb7196c417848e8cc523d6,true,false
inthehand/32feet,InTheHand.BluetoothLE/Platforms/Apple/GattCharacteristic.unified.cs,d435b3b6f89e18006d89c6c472b0b0b581107444,true,false
joinrpg/joinrpg-net,src/JoinRpg.Portal/Controllers/FinancesController.cs,ba7a5c48c5356e8b9cfddf8f25560d23e2748d24,true,true
jstedfast/MailKit,MailKit/Net/Smtp/SmtpStream.cs,9eeb69f6e78be10a81d0f8a282a404c6e628af7e,true,false
jstedfast/MailKit,MailKit/Net/Imap/ImapFolder.cs,e02b15d7e564c0ed96686603061d80d34919b225,false,true
jstedfast/MimeKit,MimeKit/ExperimentalMimeParser.cs,7432ed30a60820d231db4de1d48aca10557e8970,true,false
jstedfast/MimeKit,MimeKit/Utils/CharsetUtils.cs,7e0a1706b9d3f013b83d0be188135b49016846f9,true,false
jstedfast/MimeKit,UnitTests/Utils/CharsetUtilsTests.cs,7e0a1706b9d3f013b83d0be188135b49016846f9,true,false
jstedfast/MimeKit,MimeKit/MimeReader.cs,92db6c271fba61dfadddeb8cc816f6d2cd0220a2,true,true
jstedfast/MimeKit,MimeKit/Cryptography/WindowsSecureMimeContext.cs,ad65d0ff99d9b2f2800748a2eacd724d6a43b102,true,false
jstedfast/MimeKit,MimeKit/MimeEntity.cs,b1a0a84bd57070d782ebd6ee9f5706789cd77742,true,false
jstedfast/MimeKit,MimeKit/Utils/MimeUtils.cs,b9727f7e364d9774c16a6025556c6d8cd21b6c3d,true,false
jstedfast/MimeKit,Benchmarks/IO/Filters/TrailingWhitespaceFilterBenchmarks.cs,e984e7498b86867dadfc81063d3184e62e3d14b4,true,false
jstedfast/MimeKit,MimeKit/MimeTypes.cs,f52cc98adcdd90c8e7648d06d8392a2fd2a8772c,true,false
linq2db/linq2db,Source/LinqToDB/Compatibility/System/Data/Linq/Binary.cs,42ce2c204aec7d398f2be2bb19625903e3af3024,true,false
linq2db/linq2db,Source/LinqToDB/SqlProvider/BasicSqlBuilder.cs,f939b6b8594d30fd127ba581efaaaa9a5470a817,false,true
louthy/language-ext,LanguageExt.Core/Monads/Alternative Value Monads/Fin/Fin.cs,c124a20232a2bcda05e011dcfadd35a7ffb0b349,true,false
lucas-miranda/Raccoon,Raccoon/Core/Transform.cs,2702b66d25284cca787f86b8219ad5409ecb57f2,true,false
lucas-miranda/Raccoon,Raccoon/Util/Random.cs,bf60f6a074c6e997b99a4bfe9216ca0f85502943,true,false
melanchall/drywetmidi,DryWetMidi.Tests/Tools/Merger/MergerTests.MergeObjects.cs,43c408f9c778625cc669706e9c7e0863890be14c,true,false
melanchall/drywetmidi,DryWetMidi/Tools/Merger/Merger.MergeObjects.cs,43c408f9c778625cc669706e9c7e0863890be14c,true,false
meziantou/Meziantou.Framework,src/Meziantou.Framework/AssemblyUtilities.cs,7e98b83c7b9df84d78326b56dd98a68c693dfb9b,true,false
mono/CppSharp,tests/CSharp/CSharp.Gen.cs,567a0df8c7ba771c15ef6ea3018980886489ac75,true,false
mono/CppSharp,src/AST/ClassExtensions.cs,c1b3a1e4d441ce048f5e27e72b7a7694a477d475,true,false
mysql-net/MySqlConnector,src/MySqlConnector/Utilities/Utility.cs,f7044cc97c68b14661fef8158e9917ed76c1cb2f,true,false
mysql-net/MySqlConnector,tests/MySqlConnector.Tests/UtilityTests.cs,f7044cc97c68b14661fef8158e9917ed76c1cb2f,true,false
nhibernate/nhibernate-core,.config/dotnet-tools.json,8b7952ab43c6a77f873125192550b766151fd2aa,true,false
nhibernate/nhibernate-core,src/NHibernate.Test/StaticProxyTest/IsExternalInit.cs,8b7952ab43c6a77f873125192550b766151fd2aa,true,false
nhibernate/nhibernate-core,src/NHibernate.Test/StaticProxyTest/StaticProxyFactoryFixture.cs,8b7952ab43c6a77f873125192550b766151fd2aa,true,false
nhibernate/nhibernate-core,src/NHibernate/Proxy/ProxyBuilderHelper.cs,8b7952ab43c6a77f873125192550b766151fd2aa,true,false
nhibernate/nhibernate-core,src/NHibernate.Test/NHSpecificTest/GH2621Enum/Fixture.cs,e5ad95119ccb4562e4e979ae5c3f37e386956d30,true,false
nhibernate/nhibernate-core,src/NHibernate.Test/NHSpecificTest/GH2621Enum/Mappings.hbm.xml,e5ad95119ccb4562e4e979ae5c3f37e386956d30,true,false
nhibernate/nhibernate-core,src/NHibernate.Test/NHSpecificTest/GH2621Enum/Model.cs,e5ad95119ccb4562e4e979ae5c3f37e386956d30,true,false
nhibernate/nhibernate-core,src/NHibernate/Type/AbstractStringType.cs,e5ad95119ccb4562e4e979ae5c3f37e386956d30,true,false
nunit/nunit,.github/workflows/continuous_integration.yml,14f2d354873e7367b55887824b08012b043d8901,true,true
nunit/nunit,azure-pipelines.yml,14f2d354873e7367b55887824b08012b043d8901,true,true
nunit/nunit,build.cake,14f2d354873e7367b55887824b08012b043d8901,true,true
nunit/nunit,global.json,14f2d354873e7367b55887824b08012b043d8901,true,true
nunit/nunit,nuget/nunitlite/nunitlite.nuspec,14f2d354873e7367b55887824b08012b043d8901,true,true
nunit/nunit,src/CommonAssemblyInfo.cs,14f2d354873e7367b55887824b08012b043d8901,true,true
openchargemap/ocm-system,API/OCM.Net/OCM.API.Web/Controllers/MiscEndpointController.cs,b052a9f65e51e755c397b16341ab2d280741c1cf,true,false
openiddict/openiddict-core,test/OpenIddict.Server.DataProtection.Tests/OpenIddict.Server.DataProtection.Tests.csproj,5c3af6b2175f56019decf32a071f4f3be4f313fd,true,false
openiddict/openiddict-core,test/OpenIddict.Server.DataProtection.Tests/OpenIddictServerBuilderTests.cs,5c3af6b2175f56019decf32a071f4f3be4f313fd,true,false
overtools/OWLib,DataTool/SaveLogic/Unlock/VoiceLine.cs,95bda6ae13d40a5df81358e5d96a803c4ea88f77,true,false
peachpiecompiler/peachpie,src/Peachpie.Runtime/Reflection/PhpStackTrace.cs,052327f23d49ecb886f22ac3bf713bb423979375,true,false
peachpiecompiler/peachpie,src/PDO/Peachpie.Library.PDO/PDOStatement.cs,74788bd77d064e83f64bd9e5c9d2c645d9975701,true,false
restsharp/RestSharp,.github/FUNDING.yml,df07026de44d4fe8fc777c6b9c5aaa07ae6ccb35,true,false
restsharp/RestSharp,docs/.idea/GitLink.xml,df07026de44d4fe8fc777c6b9c5aaa07ae6ccb35,true,false
restsharp/RestSharp,src/RestSharp/Response/RestResponseBase.cs,df07026de44d4fe8fc777c6b9c5aaa07ae6ccb35,true,false
restsharp/RestSharp,test/RestSharp.InteractiveTests/TwitterClient.cs,df07026de44d4fe8fc777c6b9c5aaa07ae6ccb35,true,false
riganti/dotvvm,src/Framework/Framework/Compilation/ControlTree/Resolved/DirectiveCompilationService.cs,b0b6bba90e5e3878e3a09d6f19690a09531b0e55,true,false
riganti/dotvvm,src/Tests/ControlTests/testoutputs/MarkupControlTests.PropertyDirectiveWithResourceBinding.html,b0b6bba90e5e3878e3a09d6f19690a09531b0e55,true,false
rnwood/smtp4dev,Rnwood.Smtp4dev.Tests/E2E/E2ETests_Imap.cs,e5404b320dac6476d1acfa117fe1bc64627215be,true,false
rnwood/smtp4dev,Rnwood.Smtp4dev/Server/ImapServer.cs,e5404b320dac6476d1acfa117fe1bc64627215be,true,false
sebastienros/jint,Jint.Tests/Runtime/ErrorTests.cs,3bd75e1b0c8e2318d757c016e7df26a7f731762b,true,false
shuxinqin/Chloe,src/Chloe.Oracle/OracleSemantics.cs,735b253c42790b15ee1f36ad223b0a5c6068bfdf,true,false
shuxinqin/Chloe,src/Chloe/Query/QueryState/QueryStateBase.cs,f64fbc971b5c30999806fac915ae891e9bb7f04a,true,false
sillsdev/libpalaso,SIL.WritingSystems/Sldr.cs,43a3fba567d4d58fb468eccc6731486ba196b2a6,true,false
skybrud/Skybrud.Umbraco.Redirects,src/Skybrud.Umbraco.Redirects/wwwroot/Scripts/Controllers/Dialogs/Redirect.js,31385e8af6388f626a33b9414560af7e0b46a0eb,true,false
space-wizards/space-station-14,Content.Server/Fluids/EntitySystems/DrainSystem.cs,0aa83fdfd77b42aa57f10668f69fe176d12a3f1e,true,false
space-wizards/space-station-14,Resources/Locale/en-US/weapons/ranged/gun.ftl,0b3038e1f65685efd0cfe690ec873f9b3e1e2381,true,false
space-wizards/space-station-14,Resources/Prototypes/Entities/Objects/Weapons/Guns/Ammunition/SpeedLoaders/pistol.yml,0b3038e1f65685efd0cfe690ec873f9b3e1e2381,true,false
space-wizards/space-station-14,Resources/Prototypes/Entities/Objects/Weapons/Guns/Ammunition/SpeedLoaders/rifle_light.yml,0b3038e1f65685efd0cfe690ec873f9b3e1e2381,true,false
space-wizards/space-station-14,Resources/Prototypes/Entities/Objects/Weapons/Guns/Ammunition/SpeedLoaders/toy.yml,0b3038e1f65685efd0cfe690ec873f9b3e1e2381,true,false
space-wizards/space-station-14,Content.Server/Damage/Commands/HurtCommand.cs,0c8f54ebce4fea1fb370471d294c3488bb725db7,true,false
space-wizards/space-station-14,Content.IntegrationTests/Tests/VendingMachineTest.cs,18961f79c24fb7f375f7858deb49d08f9c3699b8,true,false
space-wizards/space-station-14,Content.Shared/VendingMachines/VendingMachineInventoryPrototype.cs,18961f79c24fb7f375f7858deb49d08f9c3699b8,true,false
space-wizards/space-station-14,Content.Client/CrewManifest/CrewManifestUi.xaml.cs,2f6175de3242711c4936c6dcf26f61ba1e5de5bd,true,false
space-wizards/space-station-14,Content.Server/Mind/Commands/RenameCommand.cs,33c14562236ff00bd4ca7af722675064e565e63e,false,true
space-wizards/space-station-14,Content.Client/UserInterface/Systems/Atmos/GasTank/GasTankWindow.cs,5db3ad5dc7fe8c0a7804e6b9d292a17de2b2108c,false,true
space-wizards/space-station-14,Resources/Locale/en-US/atmos/gas-tank-component.ftl,5db3ad5dc7fe8c0a7804e6b9d292a17de2b2108c,false,true
space-wizards/space-station-14,Content.Server/Connection/ConnectionManager.cs,5edc9cd6b1923b37df55034c2176ee0a676f3d2f,true,false
space-wizards/space-station-14,Content.Client/SurveillanceCamera/ActiveSurveillanceCameraMonitor.cs,665c61f832d384cebb63e38f2b501055b1561a8b,false,true
space-wizards/space-station-14,Resources/Prototypes/Entities/Structures/Piping/Atmospherics/special.yml,6913c77ab1e5da30bf3040a503ab25604c2582de,true,false
space-wizards/space-station-14,Content.Client/VendingMachines/VendingMachineSystem.cs,69dd3a04545ec1f63549312a67d8d24dfe4d4e44,true,false
space-wizards/space-station-14,Content.Server/Objectives/Commands/ListObjectivesCommand.cs,6a5300d6e393445ea0e85fb7d3573b41286d03c7,true,false
space-wizards/space-station-14,Resources/Prototypes/Entities/Objects/Tools/welders.yml,784e0ab51f912f25c0675b2057ccad3035538716,true,false
space-wizards/space-station-14,Resources/Textures/Objects/Tools/welder.rsi/equipped-BELT.png,784e0ab51f912f25c0675b2057ccad3035538716,true,false
space-wizards/space-station-14,Resources/Textures/Objects/Tools/welder.rsi/icon.png,784e0ab51f912f25c0675b2057ccad3035538716,true,false
space-wizards/space-station-14,Resources/Textures/Objects/Tools/welder.rsi/inhand-left-flame.png,784e0ab51f912f25c0675b2057ccad3035538716,true,false
space-wizards/space-station-14,Resources/Textures/Objects/Tools/welder.rsi/inhand-left.png,784e0ab51f912f25c0675b2057ccad3035538716,true,false
space-wizards/space-station-14,Resources/Textures/Objects/Tools/welder.rsi/inhand-right-flame.png,784e0ab51f912f25c0675b2057ccad3035538716,true,false
space-wizards/space-station-14,Resources/Textures/Objects/Tools/welder.rsi/inhand-right.png,784e0ab51f912f25c0675b2057ccad3035538716,true,false
space-wizards/space-station-14,Resources/Textures/Objects/Tools/welder.rsi/meta.json,784e0ab51f912f25c0675b2057ccad3035538716,true,false
space-wizards/space-station-14,Resources/Textures/Objects/Tools/welder.rsi/off-inhand-left.png,784e0ab51f912f25c0675b2057ccad3035538716,true,false
space-wizards/space-station-14,Resources/Textures/Objects/Tools/welder.rsi/off-inhand-right.png,784e0ab51f912f25c0675b2057ccad3035538716,true,false
space-wizards/space-station-14,Resources/Textures/Objects/Tools/welder.rsi/on-inhand-left.png,784e0ab51f912f25c0675b2057ccad3035538716,true,false
space-wizards/space-station-14,Resources/Textures/Objects/Tools/welder.rsi/on-inhand-right.png,784e0ab51f912f25c0675b2057ccad3035538716,true,false
space-wizards/space-station-14,Resources/Textures/Objects/Tools/welder_experimental.rsi/equipped-BELT.png,784e0ab51f912f25c0675b2057ccad3035538716,true,false
space-wizards/space-station-14,Resources/Textures/Objects/Tools/welder_experimental.rsi/icon.png,784e0ab51f912f25c0675b2057ccad3035538716,true,false
space-wizards/space-station-14,Resources/Textures/Objects/Tools/welder_experimental.rsi/inhand-left-flame.png,784e0ab51f912f25c0675b2057ccad3035538716,true,false
space-wizards/space-station-14,Resources/Textures/Objects/Tools/welder_experimental.rsi/inhand-left.png,784e0ab51f912f25c0675b2057ccad3035538716,true,false
space-wizards/space-station-14,Resources/Textures/Objects/Tools/welder_experimental.rsi/inhand-right-flame.png,784e0ab51f912f25c0675b2057ccad3035538716,true,false
space-wizards/space-station-14,Resources/Textures/Objects/Tools/welder_experimental.rsi/inhand-right.png,784e0ab51f912f25c0675b2057ccad3035538716,true,false
space-wizards/space-station-14,Resources/Textures/Objects/Tools/welder_experimental.rsi/meta.json,784e0ab51f912f25c0675b2057ccad3035538716,true,false
space-wizards/space-station-14,Resources/Textures/Objects/Tools/welder_experimental.rsi/off-inhand-left.png,784e0ab51f912f25c0675b2057ccad3035538716,true,false
space-wizards/space-station-14,Resources/Textures/Objects/Tools/welder_experimental.rsi/off-inhand-right.png,784e0ab51f912f25c0675b2057ccad3035538716,true,false
space-wizards/space-station-14,Resources/Textures/Objects/Tools/welder_experimental.rsi/on-inhand-left.png,784e0ab51f912f25c0675b2057ccad3035538716,true,false
space-wizards/space-station-14,Resources/Textures/Objects/Tools/welder_experimental.rsi/on-inhand-right.png,784e0ab51f912f25c0675b2057ccad3035538716,true,false
space-wizards/space-station-14,Resources/Textures/Objects/Tools/welder_experimental.rsi/welder_flame.png,784e0ab51f912f25c0675b2057ccad3035538716,true,false
space-wizards/space-station-14,Resources/Textures/Objects/Tools/welder_industrial.rsi/equipped-BELT.png,784e0ab51f912f25c0675b2057ccad3035538716,true,false
space-wizards/space-station-14,Resources/Textures/Objects/Tools/welder_industrial.rsi/inhand-left-flame.png,784e0ab51f912f25c0675b2057ccad3035538716,true,false
space-wizards/space-station-14,Resources/Textures/Objects/Tools/welder_industrial.rsi/inhand-left.png,784e0ab51f912f25c0675b2057ccad3035538716,true,false
space-wizards/space-station-14,Resources/Textures/Objects/Tools/welder_industrial.rsi/inhand-right-flame.png,784e0ab51f912f25c0675b2057ccad3035538716,true,false
space-wizards/space-station-14,Resources/Textures/Objects/Tools/welder_industrial.rsi/inhand-right.png,784e0ab51f912f25c0675b2057ccad3035538716,true,false
space-wizards/space-station-14,Resources/Textures/Objects/Tools/welder_industrial.rsi/meta.json,784e0ab51f912f25c0675b2057ccad3035538716,true,false
space-wizards/space-station-14,Resources/Textures/Objects/Tools/welder_industrial.rsi/off-inhand-left.png,784e0ab51f912f25c0675b2057ccad3035538716,true,false
space-wizards/space-station-14,Resources/Textures/Objects/Tools/welder_industrial.rsi/off-inhand-right.png,784e0ab51f912f25c0675b2057ccad3035538716,true,false
space-wizards/space-station-14,Resources/Textures/Objects/Tools/welder_industrial.rsi/on-inhand-left.png,784e0ab51f912f25c0675b2057ccad3035538716,true,false
space-wizards/space-station-14,Resources/Textures/Objects/Tools/welder_industrial.rsi/on-inhand-right.png,784e0ab51f912f25c0675b2057ccad3035538716,true,false
space-wizards/space-station-14,Resources/Textures/Objects/Tools/welder_industrial.rsi/welder_flame.png,784e0ab51f912f25c0675b2057ccad3035538716,true,false
space-wizards/space-station-14,Resources/Textures/Objects/Tools/welder_industrialadv.rsi/equipped-BELT.png,784e0ab51f912f25c0675b2057ccad3035538716,true,false
space-wizards/space-station-14,Resources/Textures/Objects/Tools/welder_industrialadv.rsi/inhand-left-flame.png,784e0ab51f912f25c0675b2057ccad3035538716,true,false
space-wizards/space-station-14,Resources/Textures/Objects/Tools/welder_industrialadv.rsi/inhand-left.png,784e0ab51f912f25c0675b2057ccad3035538716,true,false
space-wizards/space-station-14,Resources/Textures/Objects/Tools/welder_industrialadv.rsi/inhand-right-flame.png,784e0ab51f912f25c0675b2057ccad3035538716,true,false
space-wizards/space-station-14,Resources/Textures/Objects/Tools/welder_industrialadv.rsi/inhand-right.png,784e0ab51f912f25c0675b2057ccad3035538716,true,false
space-wizards/space-station-14,Resources/Textures/Objects/Tools/welder_industrialadv.rsi/meta.json,784e0ab51f912f25c0675b2057ccad3035538716,true,false
space-wizards/space-station-14,Resources/Textures/Objects/Tools/welder_industrialadv.rsi/off-inhand-left.png,784e0ab51f912f25c0675b2057ccad3035538716,true,false
space-wizards/space-station-14,Resources/Textures/Objects/Tools/welder_industrialadv.rsi/off-inhand-right.png,784e0ab51f912f25c0675b2057ccad3035538716,true,false
space-wizards/space-station-14,Resources/Textures/Objects/Tools/welder_industrialadv.rsi/on-inhand-left.png,784e0ab51f912f25c0675b2057ccad3035538716,true,false
space-wizards/space-station-14,Resources/Textures/Objects/Tools/welder_industrialadv.rsi/on-inhand-right.png,784e0ab51f912f25c0675b2057ccad3035538716,true,false
space-wizards/space-station-14,Resources/Textures/Objects/Tools/welder_industrialadv.rsi/welder_flame.png,784e0ab51f912f25c0675b2057ccad3035538716,true,false
space-wizards/space-station-14,Resources/Prototypes/Entities/Mobs/Player/familiars.yml,86303c06f9367ce98967e045df55e1abdf05b6e9,false,true
space-wizards/space-station-14,Content.Client/MobState/Overlays/DamageOverlay.cs,9a4b4c658ce02467a0f6754c2698a4a6a40f1b5f,true,false
space-wizards/space-station-14,Content.Server/Resist/EscapeInventorySystem.cs,a47f8476596615e354389880d44349f016860c15,true,false
space-wizards/space-station-14,Resources/Maps/Shuttles/emergency_shuttle.yml,b29eeb7c16aab2b5a3927f1b0928b39f70f2646a,true,false
space-wizards/space-station-14,Resources/Maps/cargo_shuttle.yml,b29eeb7c16aab2b5a3927f1b0928b39f70f2646a,true,false
space-wizards/space-station-14,Resources/Maps/packedstation.yml,b29eeb7c16aab2b5a3927f1b0928b39f70f2646a,true,false
space-wizards/space-station-14,Resources/Prototypes/Maps/box.yml,b29eeb7c16aab2b5a3927f1b0928b39f70f2646a,true,false
space-wizards/space-station-14,Resources/Prototypes/Maps/marathon.yml,b29eeb7c16aab2b5a3927f1b0928b39f70f2646a,true,false
space-wizards/space-station-14,Resources/Prototypes/Maps/salvage.yml,b29eeb7c16aab2b5a3927f1b0928b39f70f2646a,true,false
space-wizards/space-station-14,Resources/Prototypes/shuttles.yml,b29eeb7c16aab2b5a3927f1b0928b39f70f2646a,true,false
takenet/lime-csharp,src/Lime.Messaging/Resources/Contact.cs,9d1728274c12c915443fff4e6f57905032d6ee97,true,false
thomsen67/GekkoTimeseries,Gekko/WindowMessageBox.xaml,6b2995e10f657ac245e8d6eefb189433e7aac995,true,false
tigrouind/AITD-roomviewer,Assets/Scripts/Room/BoxComparer.cs,945cf87a813294ab6adeec8a561b5bd69d6b8b22,true,false
twilio/twilio-csharp,src/Twilio/Converters/PhoneNumberConverter.cs,4941d45cd1623e0e97caea0719501479a875a7cd,true,false
uholeschak/ediabaslib,Tools/Psdz/AssemblyPatcher/Program.cs,1f76f22a98861a45b1a7e45e8725efca4cc8625e,true,false
umbraco/Umbraco-CMS,src/Umbraco.Core/PropertyEditors/DataValueEditor.cs,2903d58ab3a365e7e89b9c01ab446b336710ee4e,true,false
umbraco/Umbraco-CMS,src/Umbraco.Infrastructure/Examine/MemberValueSetValidator.cs,442342e3880cbac186cacce7f36c433c0a225d60,false,true
umbraco/Umbraco-CMS,src/Umbraco.Web.UI.Client/src/common/services/usershelper.service.js,52098405977946f6459ee5e5204db68b29cc370f,true,false
umbraco/Umbraco-CMS,src/Umbraco.Cms.StaticAssets/umbraco/UmbracoInstall/Index.cshtml,d32b93349d65705cff1936ab160b9bd4ea43b7cd,true,false
umbraco/Umbraco-CMS,src/Umbraco.Web.UI.Client/src/preview/preview.controller.js,d32b93349d65705cff1936ab160b9bd4ea43b7cd,true,false
vchelaru/FlatRedBall,FRBDK/Glue/TopDownPlugin/Controllers/MainController.cs,024b968702843f04738a8533f7086db62c468fa8,true,false
vchelaru/FlatRedBall,FRBDK/Glue/OfficialPlugins/TreeViewPlugin/Views/MainTreeViewControl.xaml,19a0451060798b36b9682b81bd80d8caf57eb6f1,true,false
vchelaru/FlatRedBall,FRBDK/Glue/Glue/SetProperty/CustomVariableSaveSetPropertyLogic.cs,253492ab35180e77b660e084f11b6cb247c6398b,true,false
vchelaru/FlatRedBall,Engines/FlatRedBallXNA/FlatRedBall/Entities/CameraControllingEntity.cs,5cdc6b6f25e6577b3eaef0cc5f3cd470c3d80fdd,true,false
wieslawsoltes/Core2D,src/Core2D/Styles/Common.axaml,a1a524a6e2be7bda55b54c5c0a2555e168384f00,false,true
wieslawsoltes/Core2D,src/Core2D/Styles/Icons-Dark.axaml,a1a524a6e2be7bda55b54c5c0a2555e168384f00,false,true
wieslawsoltes/Core2D,src/Core2D/Styles/Icons-Light.axaml,a1a524a6e2be7bda55b54c5c0a2555e168384f00,false,true
wieslawsoltes/Core2D,src/Core2D/Themes/DefaultDark.axaml,a1a524a6e2be7bda55b54c5c0a2555e168384f00,false,true
wieslawsoltes/Core2D,src/Core2D/Themes/DefaultLight.axaml,a1a524a6e2be7bda55b54c5c0a2555e168384f00,false,true
wieslawsoltes/Core2D,src/Core2D/Themes/FluentDark.axaml,a1a524a6e2be7bda55b54c5c0a2555e168384f00,false,true
wieslawsoltes/Core2D,src/Core2D/Themes/FluentLight.axaml,a1a524a6e2be7bda55b54c5c0a2555e168384f00,false,true
xvitaly/srcrepair,src/srcrepair/FrmLogView.cs,f69c0125feb8f9d439446ca5deed81e895395e10,false,true
